freshwater_id;originalname;othernames;flag;lat;lon;country;ICES_GUID;ICES_key;ICES_GUID_duplicate;
;81;;what is this;;;;;;;
;83;;what is this;;;;;;;
;Aapuajoki;;;66.8862803;23.4927389;Sweden;;;;
;Aarhus å;;;56.1418526;10.0729081;Denmark;;;;
;Abava;;;57.041893;22.5735994;Latvia;;;;
;Abkær Grøft;;;55.177073;9.337027;Denmark;a2f2cfa8-b905-4fb6-94c5-47c6becaee49;DK1178b;;
;Abuls;;;57.4828005;25.784592;Latvia;;;;
;Ællingebæk Rende;;;;;;43ab7f68-b613-48bf-8ed8-61fdf016aca0;DK0822;;
;Afl f Gråsten Slotssø;;;;;;6630a05e-bf12-4181-8108-61f589559203;DK1135;;
;Afl f Varnæs Skovsø;;;;;;775a2f66-fe08-43b9-938f-bed4357416cb;DK1146;;
;Afl fra Føns Vang;;;;;;858228af-19a0-457c-b7d5-313e204d85ac;DK1008;;
;Afl fra Sandbjerg Dam;;;;;;bdf63225-ca7c-479e-b84e-8a33c61f9284;DK1140;;
;Afl fra Store Saltsø;;;;;;59d694ae-a85f-4c76-9e05-25f177a770e7;DK0601;;
;Afløb fra Kædeby Mose;;;;;;8be9b955-9935-4696-b9a9-75d3a6fa547d;DK0954;;
;Afløb fra Oldenor;;;;;;d8068233-8c80-4c83-a230-00f736e47948;DK1108;;
;Afløb fra Saltbækvig;;;;;;84b0df5e-87e3-4787-b45b-df12068b5cb5;DK0412;;
;Afløb fra Vænge Sø;;;;;;d37e04e3-7e97-40b1-864f-a9b36ce9b234;DK1407;;
;Afløb fra Vitsø;;;;;;a62b6c13-f8aa-4e9c-aeb4-35e2b1cd07c6;DK0952;;
;Afvandingsgrøft i Skovby Nor;;;;;;de4066b1-e9e1-49cf-b89c-ff019e449434;DK0727;;
;Aģe;Age;Are these same rivers;;;Latvia;fad64318-0178-45e0-a715-417b33bb0266;LV5341;;
;Ager;;;;;;86e9ab80-b86b-4230-80a7-30f02f6e1302;DK0955a;;
;Agerland Rende;;;55.4816656;10.4454097;Denmark;b16cad15-b4b7-4fa5-93c2-9cda393110a1;DK0908;;
;Agluona;;;55.3821149;22.444701;Lithuania;;;;
;Ahvenanmaa;"Ahvenanmaa,  Saaristo; Aland; Åland";;60.15205;20.291594;;;;;
;Aitra;;;55.5990183;21.9470323;Lithuania;;;;
;Akmena;;Same as Akmena-Dane?;55.9326073;21.2564621;Lithuania;;;;
;Akmena-Dane;"Akmena - Danė; Akmenos - Danės basin";;55.7689074;21.1455461;Lithuania;;;;
;Alanen Kihlankijoki;;;66.511773;23.406423;Sweden;;;;
;Alantas;;;55.8774901;21.5822629;Lithuania;;;;
;Aldershvilebæk;;;;;;1ad89c9e-68a4-45f2-94b8-9fe4add45a10;DK1404b;;
;Alhonoja;;;61.4917543;21.5899315;Finland;41d3b782-c404-4029-9c59-5ccc0ae920da;FI83004;1a35a5f0-069a-4e71-a1c7-8ed1f886e293;
;Almindrenden;;;;;;b9149dee-ed89-40db-bdf1-182c068b5a22;DK0604;;
;Alsterån;;;56.9391539;15.9227411;Sweden;ef62fe20-e631-4c52-95e8-fc2bdbf81c88;SE75000;;
;Alte Schwentine / Kührener Au UL;;;;;Germany;;;;
;Altersundet;;;65.7199742;22.1885731;Sweden;afc7df4a-8ff2-4520-95fb-b0e77aca9f0d;SE8000;;
;Alterälven;;;65.6811718;21.2196765;Sweden;1a1ece68-431d-40c1-9aaf-89c094a46baf;SE12000;;
;Althoefer;;;54.0932347;11.9210242;Germany;;;;
;Althöfer Bach;;;54.0932347;11.9210242;Germany;;;;
;Altja oja;;;59.58231;26.112324;Estonia;;;;
;Alån;;;;;;b473d2f8-79cc-4baa-aa25-e7803b30e1fb;SE10000;;
;Amarnia;;;;;;;;;
;Amata;;;;;Latvia;;;;
;Ambæk;;;55.1114408;12.104801;Denmark;1659ee48-1424-4d55-ac50-42c89273d9d0;DK0526;;
;Ančia;Ancia;;;;;;;;
;Angerja oja;;;59.1788328;24.8474839;Estonia;;;;
;Angla kraav;;;59.037469;24.649435;Estonia;;;;
;Anyksta;;;55.5158316;25.1852718;Lithuania;;;;
;Apotekerbækken;;;;;;430863cb-aba6-45e1-b076-c2fde7c5eeb6;DK1205 b;;
;Apše;;;56.3120799;21.6899879;Lithuania;48b026ce-648e-49e5-817c-d6412eedd2f7;LV342881;;
;Araka oja;;;;;Estonia;;;;
;Arakaoja;Araka oja;;58.0718055;24.6310055;Estonia;;;;
;Armona;;;;;;;;;
;Arumetsa oja;;;58.07125;24.51131;Estonia;;;;
;Askebæk;;;55.2092887;10.7804132;Denmark;874181b9-e3d0-4282-a9ab-0ad77371ffba;DK0101a;;
;Askehaveløbet;;;;;;a63995fc-140c-4d4c-9d09-d2505a3c808c;DK0742;;
;at sea;;Does not belong here;;;;;;;
;Audru jõgi;;;58.4510548;24.332401;Estonia;;;;
;Augraben;;;53.7704189;13.0283384;Germany;;;;
;Aurajoki;;;60.6008554;22.5481189;Finland;1c8798e3-380a-4a25-b375-9089c5ef5328;FI28000;;
;Azika;;;;;Russia;;;;
;Bach aus Bernstorf;;;;;;;;;
;Bach aus Blowatz;;;;;;;;;
;Bach aus Grundshagen;;;;;Germany;;;;
;Bach aus Hanshagen;;;;;;;;;
;Bach aus Huckstorf;;;;;Germany;;;;
;Bach aus Körchow;;;;;Germany;;;;
;Bach aus Neu Karin;;;;;;;;;
;Bach aus Parchow;;;;;Germany;;;;
;Bach aus Ravensberg;;;;;;;;;
;Bach aus Thorstorf;;;;;;;;;
;Bach aus Zapkendorf;;;;;;;;;
;Bach aus Zierow;;;;;Germany;;;;
;Bach bei Karschau;;;;;Germany;;;;
;Bach Bernstorf;;;53.83333;11.11667;Germany;;;;
;Bachgraben;;;;;;;;;
;Bachgraben (Ryckgraben);;;54.099744;13.292729;Germany;;;;
;Bækrenden,Bogø;;;;;;33559275-03dd-49a2-baae-fc504e107bad;DK0756;;
;Bagge;;;;;Denmark;;;;
;Bakkebølle Bæk;;;;;;29f7e9c8-4009-4c28-b212-406138901095;DK0706;;
;Baltic - Šventoji basin;;;;;Lithuania;;;;
;Barnitz;;;53.8053141;10.5019969;Germany;;;;
;Barta;;;;;;;;;
;Bārta;;;;;;5a91c66a-5809-4725-937d-b8aa6fa3cb52;LV3428555;;
;Barthe;;;;;;;;;
;Bartuva;;;56.2637428;21.5157624;Lithuania;;;;
;Bartuva (Barta);Bartuva(Barta);;56.2641182;21.5166742;Lithuania;;;;
;Bartuvos basin;;;54.913542;23.862091;Lithuania;;;;
;Basnæs pumpekanal;;;55.210124;11.345124;Denmark;84bd8880-191d-433a-a136-c2044a427b8e;DK0627;;
;Bauda;;;;;;;;;
;Bebirva;;;55.2837065;23.2671875;Lithuania;;;;
;Beke;;;;;Germany;;;;
;Bergshamraån;;;59.6394841;18.6284816;Sweden;;;;
;Beste;;;53.7949704;10.3554076;Germany;;;;
;Bezdonė;Bezdone;;54.7909779;25.5268346;Lithuania;;;;
;Bienebek;;;54.6016018;9.8906189;Germany;;;;
;Bildsø Å;;;55.4591021;11.2040577;Denmark;5e07c1b3-6f6f-4f53-b740-f7474efab45f;DK0603;;
;Birkenmoorgraben;;;;;;;;;
;Bisholt Bæk;;;;;;04f2650c-3a77-421d-804a-e06433ceb144;DK1302a;;
;Bjerregårdsløbet;;;;;;2722e47c-0f2d-4fd2-a27a-37abd0849e31;DK0741;;
;Björkån;;;63.3645751;17.246781;Sweden;;;;
;Bjørnebæk;;;55.1966855;11.5393048;Denmark;59326ef5-06a5-4c5b-9498-d9ff7d0b745d;DK0619;;
;Błotnica;Blotnica;;;;;;;;
;Blowatzer Bach;;;;;;;;;
;Blykobbe;;;55.1286646;14.7368308;Denmark;;;;
;Blåkilde Bæk;;;55.2397684;14.861972;Denmark;4bd523fd-da1f-4064-b00b-6904cb6b60e9;DK0138;;
;Bokenau;;;;;;;;;
;Bollhaegerfliess;"Bollhaeger Fliess; Bollhäger Fließ";;;;Germany;;;;
;Bollstaån;;;62.9998251;17.6410174;Sweden;;;;
;Bonäsån;;;60.0599279;23.3447456;Finland;722bedd0-cc5a-468f-9f4c-d734481c42bd;FI82010;;
;Borgforsälven;;;65.5695475;21.0671256;Sweden;;;;
;Bornholm;Bornholm area;At sea, doesnt belong here?;55.1431224;14.92262966;Denmark;;;;
;Botorpsströmmen;;;;;;6fc4d004-bd01-4cd6-b386-440d2105263f;SE71000;;
;Brændemølle å;;;;;Denmark;;;;
;Branderslev Å;;;54.8627813;11.1206302;Denmark;ffa9f25c-e6d4-4034-80cc-4f7bb8a516c2;DK0831;;
;Brandsau ML;;;;;Germany;;;;
;Brandsau UL;;;;;Germany;;;;
;Brasla;;;57.2938889;24.9208333;Latvia;;;;
;Brazuole;"Bražuole; Bražuolė";Braluole and Brazuole same or different?;54.6819868;24.9066576;Lithuania;;;;
;Brebowbach;;;53.9823707;13.7316486;Germany;;;;
;Bremena;;;;;;;;;
;Broendstrup Moelleaa;;;;;Denmark;;;;
;Broströmmen;;;;;;e6887be2-6de8-407d-b9f7-d47a7b8ed8f9;SE58000;;
;Bruksträsket;;;60.16627455;23.8390171;Finland;114f09b6-15a6-4830-8e9a-b6574ca351f9;FI81070;;
;Brüeler Bach;;;53.7319555;11.7412713;Germany;;;;
;Bräkneån;;;56.5433634;14.9761376;Sweden;4c7918ba-21b0-42b8-bb74-32013d8653a4;SE84000;;
;Brøndstrup Mølleå;;;56.5049062;10.7734376;Denmark;;;;
;Buatorpsån;;;;;;ab3c73bd-4da9-47df-a3c8-fecab92fb5c5;SE79000;;
;Bureälven;;;64.6190037;21.1824988;Sweden;cd806873-715b-4264-85fc-a3aff7f58492;SE21000;;
;Buslovka;;;60.8344681;28.3758401;Russia;;;;
;Buurdieksgraben;;;;;Germany;;;;
;Byskebäcken;;;64.9605548;21.2048484;Sweden;;;;
;Byskeälven;Byske älv;;65.4923022;19.4821515;Sweden;42616062-9ff8-4fe4-be48-d4170b7b4703;SE18000;;
;Bystryi;;;;;Russia;;;;
;Bäk;;;;;Germany;;;;
;Bäveån;;;58.3528767;12.0070512;Sweden;5776b22d-ee11-4fdd-a829-ffcba0d280da;SE109000;;
;Böllhäger Fließ;Böllhäger Fließ1;;54.1147654;11.8644174;Germany;;;;
;Bönälven;;;66.4417768;22.3402051;Sweden;;;;
;Börrumsån;;;;;Sweden;;;;
;Carbäk;Carbäck;;54.1093845;12.30054966;Germany;;;;
;Chernaya;;;;;Russia;;;;
;Ciecere;;;56.6956511;22.291107;Latvia;5325ac39-dfb5-4614-b8fe-a57d3cd32878;LV36611;;
;Cirvija;;;54.4870645;24.9035239;Lithuania;;;;
;Curau;Curau;;53.9501083;10.6223554;Germany;;;;
;Czarna Wda;;;53.84848525;18.08435142;Poland;;;;
;Czerwona;;;;;;;;;
;Dalkarbybäcken;;;60.167862;22.7765166;Finland;26a4b129-268a-410b-b3f6-feef79dd6536;FI82004;;
;Dalkarbydiket;;;;;;7255b1a3-5661-48e9-a210-ccda5ca9322a;FI82033A;;
;Dalkarlsån;;;64.0303992;20.8281474;Sweden;258d2587-7b36-4bba-aad0-7191de85acf4;SE25000;;
;Dalälven;;;60.1754162;16.4498376;Sweden;00d90d45-9a3b-4c6a-9feb-058e92cd8f0b;SE53000;;
;Damshäger Bach;;;;;;;;;
;Damsmose vandløb;;;54.81992;11.543388;Denmark;6f750b19-f58d-4d19-ba2a-eb763e23230b;DK0809;;
;Darba;;;;;;;;;
;Daugava;;;;;Latvia;ccbfc7f1-f807-4e35-849b-3b776b9f24f2;LV4111;;
;Debosznica;;;54.107846;15.4317073;Poland;;;;
;Degerbäcken;;;65.8616825;21.398293;Sweden;;;;
;Degerbärgsfjärden;;;;;;1000d5c0-63c4-4ece-9568-f3900b714bfd;FI82034A;;
;Delångersån;;;61.6713191;17.1101269;Sweden;e568b949-ac51-401f-b8f0-6c4bca7d86c1;SE45000;;
;Dingwatter Au;;;54.6293022;9.6657394;Germany;;;;
;Donnemoseløbet;;;;;;44e93280-424d-44bc-a50b-412c1a6c8236;DK0744;;
;Dragsholm Kanal;;;55.7686734;11.3960393;Denmark;07ae49aa-ea2b-4780-9e54-f952999c7871;DK0407;;
;Dratvuo;"Dratvinys; Dratvainys";;55.5420211;23.0016008;Lithuania;;;;
;Drawa;;;53.4082988;15.8969413;Poland;;;;
;Drikkær Bæk;;;;;;bced8e59-f5dc-4305-99ac-069471f650df;DK1312a;;
;Drwęca;Drweca;;53.3389813;19.5187406;Poland;;;;
;Dubysa;;;55.4493933;23.2125449;Lithuania;;;;
;Dubysos basin;;;55.230104;23.494419;Lithuania;;;;
;Dūkšta;Duksta;;55.519959;26.3217654;Lithuania;;;;
;Dunderkärrdiket;;;;;;bfb792d1-cf9c-4b5f-9f7c-5f6073888339;FI84034;;
;Durbe;;;56.5860468;21.3726593;Latvia;f052901b-5ff6-4822-a8ef-34c2952e2370;LV354611;;
;Dødmoseløbet;;;;;;3aab7977-0ec4-44da-bb37-ab3ff07cc975;DK0847;;
;ec_02;;!;;;Germany;;;;
;ec_03;;!;;;Germany;;;;
;ec_07_a;;!;;;Germany;;;;
;ec_07_b;;!;;;Germany;;;;
;ec_08;;!;;;Germany;;;;
;ec_09;;!;;;Germany;;;;
;Edstabäcken;;;62.4414634;16.5727727;Sweden;;;;
;Egehøjløbet;;;;;;6a8c0e96-0ab2-4024-9f81-876e3325414f;DK0848;;
;Egemarkeløbet;;;;;;78246eef-b502-488b-b485-10420c317c54;DK0408;;
;Egense;;;56.96192245;10.26929866;Denmark;02d52a4e-e369-47f3-825e-a57595bd7d3c;DK0934a;;
;Egholm Bæk;;;56.0366729;9.9035581;Denmark;19f75168-75c9-4fcf-9e08-855bb3301797;DK0818;;
;Egluona;;;56.3456224;22.721411;Lithuania;;;;
;Eglupe;Egļupe;;57.09909975;24.75421911;Latvia;0f99a8df-4b34-4215-beae-f7c3db1cedcc;LV52161;;
;Ekeberger Au OL;;OL/UL;;;Germany;;;;
;Ekeberger Au UL;;OL/UL;;;Germany;;;;
;Eleruona;;;;;;;;;
;Ellebæk;;;55.4807171;12.1602667;Denmark;92fa064c-2c1f-4108-a100-da74748008d9;DK0507;f870f9d4-ac9a-46a0-a78d-f4341f2a94f6;
;Elverdams Å;;st 1?;;;Denmark;;;;
;Elverdams Å st2;;st2?;;;Denmark;;;;
;Emakraav;;;;;Estonia;;;;
;Emån;;;57.4022762;15.07741611;Sweden;231df73a-5456-4c73-aee1-d16eac06faf0;SE74000;;
;Enningdalsälven;;;;;;52058dd6-fca5-4c8f-9e84-9d69598c765d;SE112000;;
;Enångersån;;;61.5410841;16.9332099;Sweden;;;;
;Eru kr.;;;;;Estonia;;;;
;Esgruser Mühlenstrom;;;;;;;;;
;Esna jõgi;;;58.8967636;25.682929;Estonia;;;;
;Espoonjoki;;;60.2148504;24.6752686;Finland;7b374d2a-72bc-42a5-8f54-590b8b0fd466;FI81055;;
;Estbyå;;;;;;6e29548a-299a-4a9d-bfb4-8701012b549f;FI81061;;
;Eurajoki;;;61.2018184;21.7296943;Finland;6aac45f3-6c64-4cf1-8168-4fb6ba9986e3;FI34000;;
;Evegrøft;;;55.2132446;11.7276773;Denmark;e7786120-798d-4cb9-ba8d-7f538c7e538a;DK0623;;
;Ezeruona;;;55.2543729;22.1904518;Lithuania;;;;
;Farpener Bach;;;;;;;;;
;Farver;;;;;;;;;
;Farver Au;;OL, WALD, UL, Bach;;;Germany;;;;
;Farver Au OL;;OL, WALD, UL, Bach;;;Germany;;;;
;Farver Au Wald;;OL, WALD, UL, Bach;;;;;;;
;Faule Trave UL;;OL, WALD, UL, Bach;53.96667;10.28333;Germany;;;;
;Fauler Bach;;OL, WALD, UL, Bach;;;;;;;
;Fauler Bach/Plastbach;;OL, WALD, UL, Bach;;;Germany;;;;
;ff_01;;!;;;Germany;;;;
;ff_04;;!;;;Germany;;;;
;ff_05_b;;!;;;Germany;;;;
;ff_06_b;;!;;;Germany;;;;
;ff_07;;!;;;Germany;;;;
;ff_08;;!;;;Germany;;;;
;ff_09_a;;!;;;Germany;;;;
;ff_09_b;;!;;;Germany;;;;
;ff_10;;!;;;Germany;;;;
;ff_16;;!;;;Germany;;;;
;Fiskars å;;;58.5064535;13.1587136;Sweden;62265eba-0b73-44e3-9218-1bb8e8fdb2e9;FI82002;;
;Fiskarsinjoki;;;;;;;;;
;Fjärdsbäcken;;;65.8068293;22.6311943;Sweden;bc25ccba-fde6-4994-96bd-ffdae0dbaf36;FI84011;;
;Fladmose Å;;;55.2310069;11.4131787;Denmark;fc74cae6-fd69-4ec8-a91e-a03808f62690;DK0616;;
;Fladsø Rende;;;54.8600146;11.0855717;Denmark;dba86f28-f1cc-41be-b684-a130baa3501c;DK0830;;
;Flædbæk;;;55.0121479;9.9061561;Denmark;d03511bf-9fbc-4b1e-8d75-c117499622b3;DK1113;;
;Flakvad Rende;;;55.8763413;12.5370818;Denmark;d59bea75-95e5-497d-a038-054147b18796;DK0212;;
;Flaruper Au;;;54.6570145;9.763404;Germany;;;;
;Flaßlandbek;;;;;;;;;
;Flintinge Å;;;54.7472695;11.788491;Denmark;9b3958ea-14f6-48f5-bfac-7c2db6069e2b;DK0714;;
;Flisebæk;;;55.1000027;15.1464176;Denmark;730992f8-6147-4788-b843-72879cf77d25;DK0119a;;
;Flybäcksdiket;;;62.3047782;21.38581;Finland;bcb6a44c-fc30-4a43-8978-4eee5df68ce1;FI83087;;
;Forsmarksån;;;60.3568739;18.1928976;Sweden;a78ff394-a7c0-43f8-bbcf-d7efcfa60086;SE55000;;
;Frejlev Å;;;54.7017658;11.758116;Denmark;52b4b1a9-27a4-405b-b1db-e24883ccc0e1;DK0716;;
;Fruebæk;;;;;Denmark;;;;
;Fruerskov Bæk;;;55.088286;10.648024;Denmark;;;;
;Fuglebæk Kanal;;;56.025155;12.11964;Denmark;5cbd2aa2-f96f-4049-92dd-08d00b0ef62b;DK0630;;
;Fuglebæks Å;;;55.6675554;11.1267094;Denmark;51bac7f6-f361-41f9-a205-c960204e8af4;DK0406;;
;Funen;;;55.32465655;10.34714169;Denmark;;;;
;Fylleån;;;56.7107982;13.1072956;Sweden;fbd72ac2-be6b-4851-81c8-28dc99409a2e;SE100000;;
;Fällforsån;;;64.0931509;20.1588535;Sweden;;;;
;Gærde Å;;;;;;820ee9b4-11f3-47ce-9b82-e0c468d28f37;DK0405;;
;Gammelbybäcken;;;60.48515;25.92583;Finland;cf78f110-473a-409d-b516-b984dbb4b778;FI81032;;
;Gammelström;;;62.0282732;21.3443018;Finland;674b993c-7e27-43e8-b0f9-21db9f1cecf9;FI83075;;
;Gammelsø-Maglemose Kanal;;;55.488437;11.231708;Denmark;5e6eb06b-7ab2-4f7b-a970-1eabb8b91962;DK0749a;;
;Gargån;;;;;;;;;
;Gauja;;;57.14458305;24.30795302;Latvia;4c233532-69c6-4cbf-a079-38e7e0f65804;LV52111;;
;Gauja (Vizla);;;54.2161669;25.612157;Lithuania;;;;
;Gavleån;;;60.6570443;17.0330999;Sweden;a1a82b00-5895-4d56-b09e-e487975b4a3c;SE52000;;
;Genevadsån;;;56.5733345;12.9747892;Sweden;fc7da94a-d1c8-47d9-bdf1-ee3dbe4f70d3;SE99000;;
;Gideälven;;;63.8575164;18.4803879;Sweden;6516cb3e-bbca-4050-b9f9-3c7a8f9447ed;SE34000;;
;Gladyschevka;;;;;Russia;;;;
;Glazupe;;;57.9215491;24.7499121;Latvia;;;;
;Glāžupe;;;57.9215491;24.7499121;Latvia;d7eca9a0-af07-4e01-a7ab-2485896bcfaa;LV54141;;
;Glomma;;;;;;ac3ae96d-15b1-4d39-ac02-0edd32c13510;SE113000;;
;Glomså;;;;;Finland;;;;
;Glud bæk;;;55.8059513;10.0072447;Denmark;baa22d29-b4c7-4be4-bc17-eccd69a56721;DK1302;;
;Gnarpsån;;;62.0403678;17.3256947;Sweden;31ed276e-67fa-4e2e-abd5-18157d7f1c0e;SE43000;;
;Goddestorfer Au;;;;;Germany;;;;
;Goldbach;;;;;;;;;
;Gorohovka;;;;;Russia;;;;
;Gothemsån;;;57.6053037;18.7353086;Sweden;771cbac4-826f-4cac-aea9-16ff17c4698e;SE117000;;
;Graben aus Ahrendsee;;;54.2140361;13.1224575;Germany;;;;
;Graben aus Sandhagen;;;;;;;;;
;Graben aus Thorstorf;;;;;;;;;
;Grabuosta;;;55.166371;25.3143614;Lithuania;;;;
;Grimsau OL;;OL/UL;54.673542;9.93317;Germany;;;;
;Grimsau UL;;OL/UL;;;Germany;;;;
;Grimsnisau;;;;;;;;;
;Grinau OL;;OL/UL;53.7748969;10.5485609;Germany;;;;
;Grinau UL;;OL/UL;;;Germany;;;;
;Grīva;;;55.8611884;26.5126459;Latvia;11204955-681b-446e-958d-42d1415bd478;LV37581;;
;Große Hüttener Au;;;54.4697133;9.7122473;Germany;;;;
;Große Schierbek;;;54.393565;10.395713;Germany;;;;
;Grundfjärdsbäcken (Åland);;;;;;2a74dc53-f207-4334-b68c-c3a18d180373;FI82036A;;
;Gräsanoja;;;60.1818713;24.7645524;Finland;8b2f4bc6-cb40-4420-bfd7-713b3ee8dd5e;FI81053;;
;Gudenå;;;56.1184882;9.6731751;Denmark;;;;
;Gumbölenjoki;;;60.208066;24.6062869;Finland;;;;
;Gusinaya;;;;;Russia;;;;
;Gådeån;;;62.6156035;17.8835102;Sweden;0d945821-b87b-4e0e-9b70-5ebe50975d87;SE39000;;
;Gåsebæk;;;55.7773606;12.2274537;Denmark;38733c1b-aa81-4e92-b422-0702f7acaa41;DK0214a;;
;Gäddbäcken;;;64.3699227;18.8306562;Sweden;fbfa9a23-3558-44d5-8a36-b50eebf58e18;FI83098;;
;Gätenbach;;;53.5492868;13.264672;Germany;;;;
;Gösebek;;;54.0385129;10.7314337;Germany;;;;
;Göta älv;;;58.0593149;12.1418989;Sweden;b8651dd3-77af-41b0-bdbe-b17bc1680875;SE108000;;
;Göwe;;;53.6766783;11.6456699;Germany;;;;
;Haaganpuro;;;60.2282696;24.9195902;Finland;d9917381-b9b5-403b-9593-ff398dda7d75;FI81V050;;
;Haaler Au;;;54.1399859;9.5427472;Germany;;;;
;Haapajoki;;;61.8948999;25.2581106;Finland;e0cb1d9c-a662-47d0-a396-9e0775982965;FI84088;;
;Habernis;;;54.7971254;9.7679944;Germany;;;;
;Habernisser Au;;;54.7809894;9.7780997;Germany;;;;
;Hagbyån;;;56.6434627;15.9308195;Sweden;196b94ac-bf16-48bd-9216-11b517bcbd87;SE78000;;
;Hagener Au;;;54.3808724;10.2777987;Germany;;;;
;Haisterbek OL;;OL/UL;;;Germany;;;;
;Haisterbek UL;;OL/UL;;;Germany;;;;
;Haldenvassdraget;;;;;;fdb18d6f-cc43-4974-a7ed-7dab2ef42101;SE301000;;
;Halikonjoki;;;60.4146668;23.0373413;Finland;aa9c9447-d8e7-4258-b19f-a9b13cf07dc1;FI26000;;
;Halleby å;;;55.5693464;11.2482727;Denmark;;;;
;Halmstadsbäcken;;;;;Sweden;;;;
;Halsted Å;;;54.8408152;11.2181112;Denmark;bb72b377-20dc-4b0b-9caa-2f2effca4ec1;DK0833;;
;Hamarinjärvi (bif. Sahajärvi);;;;;;de5c68c1-b69a-43a5-b5f9-0e8d2c9ab15b;FI82024;;
;Hamrångeån;;;60.9123415;17.0400526;Sweden;cd9a8025-458b-4b17-b0fe-05fd7a27a4a3;SE50000;;
;Hangelbybäcken;;;60.27337;25.37451;Finland;08b1c10f-1792-4e3e-b394-fa38aaef187f;FI81045;;
;Hanshagener;"Hanshagener Bach; Hanshagener Bach (Ziese)";;54.0322364;13.4988353;Germany;;;;
;Hanshäger Bach;;Hanshagener?;54.0322364;13.4988353;Germany;;;;
;Harisoja;;;65.3798162;25.4378739;Finland;aebcbbff-2a32-46e1-b6db-6dcd0ba59a16;FI84122;;
;Harjajuova - Pinkjärvi;;;61.295896;21.711111;Finland;9458f2b4-83b5-4888-8ad3-e28c762d1d44;FI83027;;
;Harkenbaek;;;53.9417102;10.9589636;Germany;;;;
;Harku oja;;;59.4245533;24.5177758;Estonia;;;;
;Harmångersån;;;61.9144595;17.2556179;Sweden;27c634c5-50ef-412d-b1ec-fdeae3a498e6;SE44000;;
;Harrestrup Å;;;55.708313;12.4342502;Denmark;e3be28fa-e021-4100-93fc-3a5895aa8b74;DK0215;;
;Harrijoki;;;;;Sweden;;;;
;Harrström;;;62.7255184;21.1813769;Finland;f3d1d9d4-2cd8-49e2-9d32-2a273bb20386;FI83102;;
;Haubach;;;54.1831821;12.386547;Germany;;;;
;Havnelevrende;;;;;;349aa0bd-0919-4b38-8757-5fb3c56ecc70;DK0515;;
;Havskov Bæk;;;56.2725549;10.3417476;Denmark;1e76958e-33e4-4b4f-b3af-042a4e2bf828;DK1324;;
;Heilsau;;;53.8301682;10.4839385;Germany;;;;
;Helge å;;;56.3511994;14.0389197;Sweden;bcc3e535-69f4-465b-93db-6d3694f50431;SE88000;;
;Hellbach;;;;;;;;;
;Hellbach;;;;;;;;;
;Hellebjerg Bæk;;;;;;f04d8d3e-a455-4f16-92ae-3b954ec3955c;DK1228;;
;Hepojoki - Makarlanjoki;;;60.426637;22.528887;Finland;eb9e5185-ce97-407d-96ab-aa4ab754e2d5;FI82040;;
;Hernespuu oja;;;58.4110162;22.1056279;Estonia;;;;
;Hestehaveløbet;;;;;;15749e20-70ac-4aa1-99ea-1330ac419803;DK0723;;
;Hietajoki;;;64.6742745;30.067318;Finland;;;;
;Hiitolanjoki;;;61.43936415;29.33876128;Finland;83445624-725e-4105-ba56-e918977db76e;FI03000;;
;Himanganjoki;;;64.16448;23.68841;Finland;2c08755f-278d-4252-92f5-f7324dc16629;FI84069;;
;Himleån;;;57.1316703;12.4129763;Sweden;2c05f9fa-01e2-4235-b266-0ac650225db1;SE104000;;
;Hirvijoki;;;60.633049;22.1631575;Finland;69d7d717-6eb9-4a24-9238-d6a87a5dcc02;FI29000;;
;Hiuknummenoja;;;61.18713;21.53377;Finland;a0614e72-c10c-482b-aa15-5414e7c38a34;FI83019;;
;Hohen Sprenzer Mühlbach;;;53.9189;12.21412;Germany;;;;
;Hohenfelder Mühlenau;;;53.602968;9.906107;Germany;;;;
;Hohler Bach UL;;;;;;;;;
;Holebæk;;;;;;1c0ec80e-352d-4027-8e25-bc12e472d9f3;DK0910;;
;Holmbacher Graben;;;;;;;;;
;Holmen;;;;;;b2374094-9e48-41be-85d4-31088eeedf31;DK0418;;
;Hopfenbach;Hopfenbach (Brüeler Bach);;53.733963;11.737639;Germany;;;;
;Hounijoki;;;60.85478485;28.33542352;Finland;6c8a98bc-1a57-4b7f-9ac4-071f992b24f2;FI06000;;
;Hovgårdsløbet;;;;;;068bd35f-eeb6-42f0-9d56-07d64d1c4be7;DK0746b;;
;Hugraifsån;;;;;Sweden;;;;
;Hulbæk;;;54.94957385;12.29801328;Denmark;31e20b4b-ec16-43c4-94f5-befc6beaaf0c;DK0502;;
;Hulbyrenden;;;;;;2e06690b-2691-4853-93b7-380ef55344b4;DK0607;;
;Hullebæk;;;54.799826;11.9257289;Denmark;3bf70f6a-305f-46fc-9761-e7a2f9fe3a61;DK0113;;
;Humalaste jõgi;;;58.144883;24.9228235;Estonia;;;;
;Humbæk;;;54.9076057;10.0134085;Denmark;c2973c35-e741-4847-850d-57918b15e77d;DK1120;;
;Humlebæk;;;55.9618789;12.5305462;Denmark;e04daf08-6789-47f3-ba9f-5b71bcbc7f19;DK0210;;
;Hunså;;;54.7845189;11.4946738;Denmark;ba5bb909-c221-4663-a080-f9a5e6d5076f;DK0811;;
;Husån;;;;;Russia;6c63b242-9756-4449-9016-2cebeadf6f18;SE33000;;
;Huumosen-oja;;;;;Russia;;;;
;Hüttener Au;"Huttener Au; Huttener";;54.39585105;9.723746545;Germany;;;;
;Hällkroksbäcken;;;;;Sweden;;;;
;Härkmeriå;;;;;;b7288b95-7e6e-435e-8355-70893052c76c;FI83081;;
;Häädemeeste jõgi;;;58.0352994;24.5512705;Estonia;;;;
;Höbringi oja;;;59.1320898;23.5796366;Estonia;;;;
;Højby Sørende;;;55.9201269;11.6125427;Denmark;48d00999-2d8d-4afc-b7ee-211a1980c18c;DK0402;;
;Höje å;;;55.6536228;13.2632776;Sweden;1bd9d5c5-a714-4e91-a9a2-f8af291a53aa;SE91000;;
;Hörnån;;;61.7503464;17.080687;Sweden;c9ba66c7-894f-41fe-a963-d16459d52f41;SE29000;;
;Idbyån;;;;;Sweden;618650c0-aa81-4221-88ae-5afa5474ceb5;SE35000;;
;Ihodenjoki;;;60.9775296;21.5685491;Finland;d0c59548-8c86-4255-9769-db89726fbbaf;FI83002;;
;Iijoki;;;65.3794125;26.8618001;Finland;5c7b234a-0dee-4370-8967-ab598727bab1;FI61000;;
;Ikla pkr;;;57.884376;24.435436;Estonia;;;;
;Ilolanjoki;;;60.4542726;25.7616698;Finland;27f77188-9480-4711-811e-43c1ce28631f;FI17000;;
;Ina;;;;;Poland;;;;
;Inčupe;;;57.2246529;24.3976972;Latvia;;;;
;Indalsälven;;;63.281089;15.0415096;Sweden;7e1d512d-8113-4221-a625-f72b062dc775;SE40000;;
;Ingarskilanjoki;"Ingarskila; Ingarskilajoki; Ingarskila å";;60.0795247;24.0644508;Finland;a01e9061-6ff7-4743-b4f2-d8ebc0d0182e;FI81064;;
;Ingå å;;;60.0585697;23.9397598;Finland;d40daa9c-7d08-4850-a44a-46f38566e7c0;FI81066;;
;Innerfjärd diket;;;;;;e7dec6d5-516a-4bc9-a557-e53fb84d9ed9;FI83104;;
;Inviksån;;;63.0149015;18.1857885;Sweden;;;;
;Irbe;;;57.5828943;21.9884484;Latvia;3e676a3c-db67-4288-a38c-bd88fbc9b5bc;LV37211;;
;Irtuona;;;55.421463;22.2944803;Lithuania;;;;
;Isebæk;;;55.1292632;10.7679252;Denmark;478ca64c-e950-48f7-adbe-7bec75752a04;DK0929;;
;Isojärvenoja;;;61.7727777;21.55155;Finland;8983733b-0eea-43a7-884a-cae4770d233a;FI83061;;
;Iso-Ruonaoja;;;67.511193;24.322757;Finland;f6e1b4f5-6b34-4719-ae83-eb3330182fa1;FI84151;;
;Jarubynas;;;;;;;;;
;Jaunupe;;;57.5244548;21.6826068;Latvia;6f3bd390-3f39-41d8-bfa8-af1c81998e79;LV54112;;
;Jeksen Bæk;;;56.0998564;9.9834741;Denmark;;;;
;Jevenau;;;54.230006;9.6674416;Germany;;;;
;Joensuunperänjoki;;;60.97504;21.40769;Finland;e4641ee8-4b3f-4295-8577-70ed0d6c14b4;FI83006;;
;Johannisbek OL;;;54.208058;10.862282;Germany;;;;
;Jugla;;;56.9866188;24.2431336;Latvia;;;;
;Jukkola east;;;;;;;;;
;Jukkola middle;;;;;;;;;
;Jukkola west;;;;;;;;;
;Juodupis;;;55.5980188;21.5557118;Lithuania;;;;
;Jūra;"Jūros basin; Jura";;55.834826;21.186178;Lithuania;;;;
;Jusinė;Jusine;;54.9348427;25.5332404;Lithuania;;;;
;Jutland;;;55.93969045;9.318056168;Denmark;;;;
;Juustilanjoki;;;;;;fcd75849-c87f-4321-904a-af2ba8beaa38;FI05000;;
;Jyryjoki;;;67.8;22.73333;Sweden;;;;
;Jåpan;;;;;;a6d10391-d639-4d0d-ba84-8a0beea0c116;FI84021;;
;Jägala jõgi;Jägala;;59.2422435;25.4513974;Estonia;8b794ab7-0796-40e4-a59f-559190d8e13f;EEVEE1083500;;
;Jämaja oja;;;57.9929947;22.0855099;Estonia;;;;
;Jänisjoki;;;62.5873616;30.48246153;Finland;60c2386c-8865-4fcf-8ceb-101b04a0f161;FI01000;;
;Järveoja;;;59.2435863;24.750529;Estonia;;;;
;Jävreån;;;65.1445047;21.5033053;Sweden;8ad068bd-f350-4de2-a377-9fdf6f60b3d5;SE16000;;
;Kaakamojoki;;;;;;2ffb6d61-cf50-4830-8d89-f42ef947e981;FI66000;;
;Kaberla oja;;;59.4694037;25.2471363;Estonia;;;;
;Kabli oja;;;57.9880247;24.4875078;Estonia;;;;
;Kacza;;;;;Poland;;;;
;Kadaka oja;;;59.1191292;24.7475865;Estonia;;;;
;Kærby Å;;;55.6565872;11.1610573;Denmark;3ee50299-46d7-4789-b11c-79379cbb6086;DK0414;;
;Kærum Å;;;55.2582465;9.9381628;Denmark;c9e4dd1f-ba51-420b-a4ae-fc7c3e825e95;DK1015;;
;Kagghamraån;;;;;Sweden;;;;
;Kaitajanoja;;;63.1153585;22.0792838;Finland;089c801d-cc75-4768-a465-e5ab262f702c;FI84002;;
;Kalajoki;;;64.260017;23.950545;Finland;00351e18-84e7-4f6b-a95b-c70c2cf7c70a;FI53000;;
;Kaldamäe oja;;;59.1353439;24.044977;Estonia;;;;
;Kalimeenoja;;;65.0865207;25.555643;Finland;07031144-6daf-4adb-879d-6c708d6eec84;FI84114;;
;Kalix älv;;;65.9264512;23.4670722;Sweden;;;;
;Kalixälven;;;67.3368995;22.0301235;Sweden;192d70ea-6b19-4982-ae4a-d4bffe88bd3c;SE4000;;
;Tärendöälven;Kalixälven-Torneälven;Bifurcation river;67.3368995;22.0301235;Sweden;;;;
;Kaljasjoki;;;61.037581;21.5353567;Finland;eea9cbe5-b7bc-4774-a153-5613bdc7e237;FI83012;;
;Kampeløkke Å;;;55.2796752;14.7982782;Denmark;c9d2ec66-0378-4bfd-985c-b899ee6d2746;DK0142;;
;Kanal fra Hasselø;;;;;;9b3e32e3-bf2b-4a90-90d7-0b80c103ecfd;DK0739;;
;Kanan-oja;;;;;Russia;;;;
;Kanaoja;Kana-oja;;;;Russia;;;;
;Kangosjoki;;;67.893895;23.591079;Finland;;;;
;Karepa oja;;;59.5192284;26.3959012;Estonia;;;;
;Karismamaanoja;;;;;;05e9db31-1150-419b-9478-e005fb88f0c8;FI84149;;
;Karjaanjoki;;;60.4791828;24.2128935;Finland;9c0aae9d-4027-42f3-ab36-9021a2c2bd6f;FI23000;;
;Karlstrup Mosebæk;;;55.5585793;12.2349211;Denmark;a6845506-acd5-48bc-b90d-78914dcdeb0b;DK0503a;;
;Karperöström;;;;;;150d0b57-7a0e-4bb8-83bc-5d5189452679;FI83126;;
;Karviaistenoja;;;60.32296;22.9628;Finland;02bba20f-fea3-48c7-a909-2688a5e4d986;FI82030;;
;Karvianjoki;;;61.9917443;22.25614969;Finland;7e309ada-41b4-49a0-b42f-dd067d4f23f3;FI36000;;
;Kasalanjoki;;;61.9903297;21.4300986;Finland;defcf407-5d7f-42c1-a15b-b909a90e634f;FI83073;;
;Kasbæk;;;54.9319533;11.2554717;Denmark;678cc8bc-84fa-4aeb-bc9b-12df2c147947;DK0819;;
;Katinkarinoja;;;60.67782;21.58078;Finland;dea9ca99-a9ce-4d79-9de5-773707fac1d4;FI82058;;
;Katzbach;;;;;Germany;;;;
;Keibu pkr;;;59.239404;23.747456;Estonia;;;;
;Keihäsoja;;;64.2529054;23.8479125;Finland;44d37dae-986b-4df6-8344-36ad6a5935ee;FI84072;;
;Keila jõgi;Keila;;59.1870524;24.7360338;Estonia;860f8174-eab0-4688-ad7a-d93986b9225b;EEVEE1096100;;
;Keiskinjärvi;;;63.9161673;23.43057387;Finland;14509eaa-049b-464c-97d3-84cc27e5e5a0;FI84053;;
;Kellahdenjoki;;;61.5989727;21.7167543;Finland;5a63c4d7-8c07-46fe-8adb-aa5c824fe881;FI83046;;
;Kello-oja;;;;;Russia;;;;
;Kemijoki;;;66.7677309;27.3857276;Finland;30f9af15-1719-446e-825f-6a84f42978dc;FI65000;;
;Kemijoki (Viena);;;67.9701047;28.9931957;Finland;7a998397-c36f-4074-83d4-bd88ca533593;FI74000;;
;Kena;;;;;;;;;
;Keräntöjoki;;;67.66667;22.7;Sweden;;;;
;Keräsjoki;;;65.9632272;23.790465;Sweden;fb4e843b-ce4d-4433-a1ca-d8021ccd3d23;SE2000;;
;Khabolovka;;;59.67694;28.42834;Russia;;;;
;Khrevitsa;;;59.26588;28.84448;Russia;;;;
;Kiebitzbek;;;54.3270464;10.2197038;Germany;;;;
;Kiiminkijoki;;;65.05777;26.3618629;Finland;81ce706e-a014-41a5-ab03-36c16c13fd2e;FI60000;;
;Kilaån;;;58.7378579;16.7749538;Sweden;918e2d4c-301c-499d-b108-85b57b30d49f;SE66000;;
;Kiljatu oja;;;58.4554033;21.959017;Estonia;;;;
;Kindelbæk;;;55.4959385;11.1856086;Denmark;06726b9c-d801-427c-990d-f13da04c6e60;DK0602;;
;Kirakkaoja;;;66.61034;29.13713;Finland;4126a221-3be9-4b99-b429-651aa6096909;FI82016;;
;Kirnuoja;;;;;;ab75ec56-6c3f-4169-8a25-387559a20c9b;FI84146;;
;Kirrin-oja;;;;;Russia;;;;
;Kiruma pkr;;;58.47028;22.37639;Estonia;;;;
;Kiruma pkr ülemine haru;;;;;Estonia;;;;
;Kiskonjoki;"Kiskonjoki-Perniönjoki; Kisko-Perniönjoki; Kisko-Perniönki";;60.143103;23.1287774;Finland;6bb2c2d4-0311-4b28-a7d3-01bd3bddad9e;FI24000;;
;Ķīšupe;Kisupe;;57.2866023;24.4330855;Latvia;;;;
;Kiteenjoki-Tohmajoki;;;61.993116;30.562392;Russia;e71a8146-009f-48de-a85f-59248162cc70;FI02000;;
;Kitkiöjoki;;;67.7723487;23.2413203;Sweden;;;;
;Kivioja;;;64.0807216;24.5564486;Finland;e8af5bf3-8fba-4834-9a31-017bdfcd9c53;FI84059;;
;Klaasbach;;;53.864248;11.7076355;Germany;;;;
;Klakring Bæk;;;;;;f3dd24a8-4c07-4c07-a9f2-8a30ef08692d;DK1227;;
;Klappmarksbäcken;;;64.0792773;20.4078312;Sweden;;;;
;Klintebæk;;;55.1652556;15.0310293;Denmark;9ddd5d61-bec1-46b7-8015-b10c96591224;DK0126;;
;Klintsø Landkanal;;;;;;a1c60524-a03b-4df8-9bde-7ab6fff65c06;DK0403;;
;Kloostri jõgi;;;59.1958539;24.1627643;Estonia;;;;
;Klosterbach;;;;;;;;;
;Klützer Bach;Kluetzer Bach;;53.9569593;11.1199185;Germany;;;;
;Knarhøj Bæk;;;;;;4b3be5a6-6a14-4761-b153-894493f9b2db;DK1142;;
;ko_02;;!;;;Germany;;;;
;ko_10_a;;!;;;Germany;;;;
;ko_10_b;;!;;;Germany;;;;
;ko_10_c;;!;;;Germany;;;;
;ko_13;;!;;;Germany;;;;
;ko_15;;!;;;Germany;;;;
;ko_20;;!;;;Germany;;;;
;ko_23;;!;;;Germany;;;;
;Kobækrenden;;;;;;8e8aecf9-2d28-4638-8d52-85307d15acd3;DK0608;;
;Kobek;;;;;Germany;;;;
;Koerchow;;;53.4433767;11.0613673;Germany;;;;
;Koerkwitzbach;;;;;Germany;;;;
;Koesterbeck;;;54.05316775;12.22659885;Germany;;;;
;Kogelsebæk;;;;;;32ff3bfc-8083-4bfe-bb5c-31dc80f36bce;DK0827;;
;Kohtla jõgi;Kohtla;;59.3644131;27.1088103;Estonia;;;;
;Kohtla oja;;;59.31328;27.2550725;Estonia;;;;
;Koivistonpuro;;;;;Russia;;;;
;Koja, Letiza, Skervelis;;;;;;;;;
;Kokemäenjoki;;;61.2801884;22.6963806;Finland;5c449e92-a228-41bb-97aa-4b4f8f87a9b5;FI35000;;
;Kolding Å;Kolding;;55.5006308;9.4267598;Denmark;;;;
;Kolga jõgi;;;59.4712416;25.5993916;Estonia;;;;
;Kolga oja;;;57.6046366;26.8037511;Estonia;;;;
;Kolmårdsbäcken;;;58.6697336;16.4099587;Sweden;;;;
;Kongla oja;;;59.4616796;26.6525712;Estonia;;;;
;Koolimäe oja;;;59.593519;26.018571;Estonia;;;;
;Kopparviksbäcken;;;;;Sweden;;;;
;Korģe;Korge;;57.7623306;24.588428;Latvia;a4f6fb92-7c5e-4465-acab-72e3cfb9472b;LV54121;;
;Korleputer Bach;;;;;;;;;
;Korleputer Mühlbach;;;53.885179;12.347706;Germany;;;;
;Korpilahdenoja;;;;;;07bf8faf-f1b5-4078-a248-ee0ed4a7141f;FI84048;;
;Korsbæk;;;54.6621189;11.8212444;Denmark;b0138114-8318-4c8f-b7f4-db2ff30cbf0f;DK0719;;
;Kõrtsioja;;;59.0873584;23.9818937;Estonia;;;;
;Koseler;;Au, Au Ol;;;;;;;
;Koseler Au;;Au, Au Ol;54.5091868;9.7575069;Germany;;;;
;Koseler Au Ol / Graben II;;;;;Germany;;;;
;Koskenkylänjoki;Koskenkylänjoki eli;;60.6148981;26.006673;Finland;cec6fbe3-a563-4846-9478-472f3f83777e;FI16000;9a0ed388-775c-4a01-a1cd-3af13b5385eb;
;Kossau ML;;ML, UL;;;Germany;;;;
;Kossau UL;;ML, UL;54.23578;10.515688;Germany;;;;
;Kossau unterhalb Tresdorfer See;;;;;Germany;;;;
;Koster Kanal;;;;;;440d9a19-4d31-45f8-a1a2-6b86b7dc1499;DK0752;;
;Koutajoki;;;66.5359936;28.932023;Finland;ddb49ad5-3ee0-490d-8387-63e48b9ab485;FI73000;;
;Kovjoki;;;63.5415639;22.6966479;Finland;4d1dff62-f446-471f-b47a-1a86928d8e71;FI45000;;
;Kræmmerbæk;;;55.0222884;12.1474717;Denmark;ceb42471-da48-4bd8-bef2-e654291ff332;DK0701;;
;Kragså;;;;;;a289e250-e994-4bad-a83b-44d37d2fc3fd;DK0914;;
;Kramforsån;;;62.9368175;17.7264693;Sweden;;;;
;Krapuoja;;;60.2781396;25.1422059;Finland;9c255ca5-d778-4617-81ee-829764e65833;FI81048;;
;Krazante;Kražantė;;55.6274995;22.9471175;Lithuania;;;;
;Kremper Au;;several sites;53.838251;9.5600071;Germany;;;;
;Kremper Au Mündung;;several sites;;;Germany;;;;
;Kremper Au UL;;several sites;;;Germany;;;;
;Krieseby Au;;Au?;54.576394;9.8493167;Germany;;;;
;Kriesebyau;;Au?;54.5762442;9.8518149;Germany;;;;
;Krogsbølle Kanal;;;55.57241;10.36797;Denmark;d3fb3872-cf3c-4b1c-b24e-967a78bda12b;DK0905;;
;Krohnhorster Trebel;;;;;Germany;;;;
;Kronsbek-Aschau;"Kronsbek - Aschau; Kronsbek";;54.4530256;9.9343432;Germany;;;;
;Krusau;;;;;Germany;;;;
;Kruse Bæk;;;;;;30f1cdcf-c864-457c-896f-4446fde9009a;DK0519a;;
;Kruunupyynjoki;;;63.5570265;23.4134213;Finland;d68d830a-9223-4b30-a36d-d1343605d8bf;FI48000;;
;Kuikkisenoja;;;63.89541;23.42435;Finland;ae3bbe78-65a8-48b7-ad14-0a5fa6d9b25a;FI84051;;
;Kuivajõgi;;;59.1375049;25.1685155;Estonia;;;;
;Kuivajoki;;;65.6441175;25.4988494;Finland;dc77de1a-a2a1-4c5d-98fc-b755a7ab8932;FI63000;;
;Kuivasoja;;;65.0738137;25.4256942;Finland;987c50cd-3b0b-4b4a-b447-43fdb865eaf2;FI84112;;
;Kullaanjärvi;;;60.1172763;23.38916576;Finland;30030a1f-cdf0-4fd8-b040-e328fdcd50c7;FI82006;;
;Kulleån;;;;;Sweden;;;;
;Kullobäcken;;;60.3251839;25.4603096;Finland;f3b0f300-fb6a-4be6-8dd5-c26d81844786;FI81041;;
;Kulšė;Kulse;;56.0643951;21.2600531;Lithuania;;;;
;Kumada;;;57.1852608;25.1499187;Latvia;f38164ed-d38d-40ec-8c93-ce7fe32554e1;LV523221;;
;Kunda jõgi;Kunda;;59.3575299;26.5993821;Estonia;62f0e9a0-073d-4383-854c-d742fd9cbcf1;EEVEE1072900;;
;Kungsbackaån;;;57.5908023;12.1252064;Sweden;fd37ff83-a3b6-43e6-9ae7-a668c078b7cb;SE107000;;
;Kuninkoja;;;60.4959485;22.2244208;Finland;4908821a-d161-4026-be08-317a389fe79d;FI82045;;
;Kuokkalan;;;;;Russia;;;;
;Kutsasjoki;;;;;Sweden;;;;
;Kuusalu oja;;;59.4734224;25.4361231;Estonia;;;;
;Kuusiku oja;;;58.7896365;22.4972025;Estonia;;;;
;Kuutilonoja;;;61.51404;21.63305;Finland;cbbf7911-aaf2-4c55-bc9d-dea0290c67a0;FI83041;;
;Kvarnbo träsk (Åland);;;60.2895;20.0612625;Finland;98b18cec-38af-47be-a6b2-fc93cdc45ec7;FI82045A;;
;Kvarnån;;;63.1406578;15.5181201;Sweden;;;;
;Kvarsebobäcken;;;;;Sweden;;;;
;Kvikantbäcken;;;63.812421;23.0588794;Finland;c7b31d99-27c9-443b-b61c-c9f23b80b1e5;FI84043;;
;Kyllebæk;;;55.1401078;11.8185653;Denmark;9c83479c-81b0-4526-bc76-a38f457c1b69;DK0628;;
;Kymijoki;;;61.00128775;26.15222936;Finland;653d2f76-2444-4033-b631-a37e03e98f10;FI14000;;
;Künnapõhja oja;;;59.41111;27.62472;Estonia;;;;
;Künnimaa oja;;;;;Estonia;;;;
;Kyrönjoki;Kyröjoki;;62.9716732;22.3926853;Finland;9cc608eb-45c0-4469-ab9f-042cc0204272;FI42000;;
;Küti oja;;;;;Estonia;;;;
;Kågeälven;Kåge älv;;64.8985833;20.6638817;Sweden;d704e0fa-c509-4afb-a591-023c8b31ec61;SE19000;;
;Kålabodaån;;;64.327156;21.0181371;Sweden;8007d121-3b62-4b37-ac93-f74539643dcd;SE23000;;
;Kås Bæk;;;55.2414449;14.8562051;Denmark;f2dad0eb-134c-42b2-9923-c2bb31af4b2c;DK0138a;;
;Kälviänjoki;;;63.8582172;23.4647466;Finland;0003de14-27b4-4c60-b564-04edba4aef70;FI50000;;
;Käsmu oja;;;59.5709899;25.890738;Estonia;;;;
;Kävlingeån;;;55.7781207;13.2670963;Sweden;c55c061a-1079-4db0-b7b8-fd1133ff9fec;SE92000;;
;Kääntöjoki;;;67.3354545;21.9571755;Sweden;;;;
;Köhntop;;;53.4395148;13.6904387;Germany;;;;
;Köhntop/Schiefe Möhn;;;;;;;;;
;Køng Å;;;55.1238591;11.8251532;Denmark;86cf3e51-5fc1-4acd-9f49-29a22532ca6d;DK0628a;;
;Könkämäeno;;;68.6629693;21.6208002;Finland;;;;
;Köppernitz;;;53.8792319;11.4219125;Germany;;;;
;Körkwitzer Bach;Körkwitzbach;;54.205403;12.3255537;Germany;;;;
;Kösterbeck;;;54.05316775;12.22659885;Germany;;;;
;Köyhänjärvenoja;;;;;;ea070444-6c64-4231-88b9-6aedd4149075;FI83010;;
;Laagna oja;;;59.4105565;27.9598626;Estonia;;;;
;Laajoki;;;60.7553433;21.9808108;Finland;6cd52452-5c75-47b2-92ca-1ff586fddb01;FI31000;;
;Lachsbach Wald;;;;;;;;;
;Lachsbach/Steinbach;;;;;;;;;
;Lāčupīte;;;57.2069564;26.6386355;Latvia;66092b8d-1f77-4bce-939b-2d7248c3d429;LV528321;;
;Læså;;;55.0800134;14.9003118;Denmark;;;;
;Lagan;;;;;Russia;a94eeb9b-f4b9-4710-8ff4-f23224a396de;SE98000;;
;Lahdenoja;;;65.1279896;25.3324878;Finland;7638107d-cac2-45de-9a53-0cbfdee4e6a4;FI83033;;
;Lahnajoki;;;;;Sweden;;;;
;Laihianjoki;;;62.8254424;22.2673864;Finland;ff85e159-ad10-4454-8480-78f0e5762b26;FI41000;;
;Lainioälven;;;67.96071095;22.09508279;Sweden;;;;
;Laisälven;;;66.2855383;16.5462794;Sweden;;;;
;Lakaja;;;55.1828215;25.6945173;Lithuania;;;;
;Lammaskoskenoja;;;61.27765;21.55121;Finland;f2380fdd-adb3-4779-946f-ab0789a8a57a;FI83023;;
;Landgrøft;;;56.4673152;8.7394949;Denmark;56f21287-a257-4732-868f-675562ede615;DK1107;;
;Landkanalen;;;54.8828962;10.0206529;Denmark;55ba795e-4dee-4ebe-8010-f3e96850927a;DK1123;;
;Landsgraben UL;;;;;Germany;;;;
;Langballigau;;;54.8220815;9.6564911;Germany;;;;
;Lange Rie;;;;;Germany;;;;
;Langekærrende;;;;;;6506e44e-ba43-40c6-a594-40499bf79bc1;DK0731;;
;Langholmrenden;;;;;;b6232b00-101b-4dad-a694-6e724fa95811;DK0410;;
;Langø Rende;;;55.5837136;10.2109365;Denmark;22f0e4d7-e54b-4a14-9049-2f67859bc261;DK0903;;
;Lapinjoki;;;61.2051315;21.5871475;Finland;aabe4df2-6b82-4392-a3a8-92c748c1d60b;FI33000;;
;Lapišė;Lapise;;55.5569571;23.2196532;Lithuania;;;;
;Lappfjärdsdiket;;;63.6833377;22.6770725;Finland;f691d318-c260-4489-9e30-92cdda18054c;FI84025;;
;Lappoonoja;;;;;;21ad0a73-7a5e-4433-84a6-72a11bc6cd27;FI83048;;
;Lapuanjoki;;;62.5413521;23.6288659;Finland;d4b614e9-d327-4bda-8931-74ee56b76509;FI44000;;
;Lapväärtinjoki;Isojoki;;62.1857055;21.8001291;Finland;6103e6fa-efbb-4194-8e90-e1df3132a587;FI37000;;
;Laukysta;;;54.9327824;24.5849884;Lithuania;;;;
;Laupjärvenoja;;;61.33662;21.56838;Finland;59a5d1fb-9bf8-4038-a083-5d086e7a821f;FI83025;;
;Leba;;;54.7585207;17.555417;Poland;;;;
;Leduån;;;63.5920036;19.4340098;Sweden;75c9c25c-3a44-4c5e-a776-572f8f154146;SE31000;;
;Lehbekerau;;;54.7235845;9.8636494;Germany;;;;
;Leipiöjoki;;;66.800292;23.9105093;Sweden;;;;
;Leisi jõgi;;;58.4780182;22.6699027;Estonia;;;;
;Leivajõgi;;;59.3187112;25.0345504;Estonia;;;;
;Lejdebæk;;;55.2722677;12.3749528;Denmark;318e1a0b-8b35-4114-b03e-6361b9c473de;DK0514;;
;Lemmejõgi;;;57.9568475;24.5313331;Estonia;;;;
;Lemovzha;;;59.11357;29.29085;Russia;;;;
;Lenčupe;Lencupe;;57.3847256;25.1611722;Latvia;ed0e4c3a-086b-4668-b1c7-355f6ffda911;LV52341;;
;Lepplaxdiket;;;;;;4657db55-16e0-466e-a872-451274a7bb73;FI84032;;
;Leppoja;;;59.2220355;27.0368788;Estonia;;;;
;Lerbæk;;;57.4690244;10.50021836;Denmark;603a2c80-5d14-41a0-8e67-655560078839;DK1221a;;
;Lestijoki;;;63.9774336;23.7761742;Finland;e5cfd2f2-f03b-48cd-b166-0874077aff0e;FI51000;;
;Lētīža;Lētiža;;56.4927312;21.9444718;Latvia;e45822bc-2686-4076-b882-8d0b11dfad05;LV36761;;
;Lidå;;;;;;3251d002-e487-49a0-8525-3ef0a57b67a3;FI83096;;
;Lielā Jugla;Liela Jugla;;56.9772552;24.6207893;Latvia;3ba7cf19-b81d-401a-bffe-b71663d7bd97;LV 41234521;;
;Lielupe;;;56.98238195;23.87066583;Latvia;;;;
;Liesoja;;;65.2634633;25.5753868;Finland;a58ccc69-9a23-4d04-845c-1d756b73f82a;FI84119;;
;Ligatne;;;57.23648205;25.04114692;Latvia;;;;
;Līgatne;;;57.23648205;25.04114692;Latvia;f73b5ba7-afc2-42ff-a01a-e67460f024ab;LV523161;;
;Ligeoja;;;;;Estonia;;;;
;Lilleå;;;56.3003679;8.4447071;Denmark;;;;
;Limingoja;;;64.40731;24.63511;Finland;;;;
;Liminkaoja;;;64.4471967;24.5062077;Finland;a9c4d73c-6f1a-4761-b635-c8eacf7928fe;FI55000;;
;Linaälven;;;66.9174245;21.80678065;Sweden;;;;
;Lindaubach;Lindau;;;;;;;;
;Lindaubach (Güderotter Au);;Different to Lindaubach?;;;;;;;
;Linde;;;;;Germany;;;;
;Liolinga;;;55.4329653;23.2517436;Lithuania;;;;
;Lipping Au;;Lippingau? Lipping AU;54.7502632;9.8144624;Germany;;;;
;Lippingau;;Lippingau? Lipping AU;54.7555683;9.8209963;Germany;;;;
;Lippingau ML;;Lippingau? Lipping AU;;;Germany;;;;
;Ljungan;;;62.4497858;14.9129737;Sweden;33c431e3-3678-41c5-b87c-dd50aaaaa11e;SE42000;;
;Ljungbyån;;;56.8233771;15.8834622;Sweden;2a9570d5-6ced-45c4-93d8-b748961e2e5a;SE77000;;
;Ljusnan;;;61.61398965;16.33943322;Sweden;547c83b0-2520-4422-9c75-9207c6974f72;SE48000;;
;Ljustorpsån;;;62.5842567;17.4007105;Sweden;;;;
;Lodmannshäger Bach;;;54.0498202;13.6481206;Germany;;;;
;Lõhavere oja;;;58.5562772;25.4506776;Estonia;;;;
;Lohja oja;;;59.5621265;25.6891654;Estonia;;;;
;Lohtajanjoki;;;64.05831;23.50739;Finland;69c37d4c-1eb3-4a9a-b312-7ac5b70917ad;FI84061;;
;Loilaxbäcken;;;63.4678389;22.4823032;Finland;64e7b773-9535-4332-bc1e-532d60a1d434;FI84016;;
;Loiter;;AU, OL, UL;54.610459;9.696582;Germany;;;;
;Loiter Au;;AU, OL, UL;54.6124852;9.6921579;Germany;;;;
;Loiter Au OL;;AU, OL, UL;;;Germany;;;;
;Loiter Au UL;;AU, OL, UL;54.559337;9.679049;Germany;;;;
;Loja;;;;;Latvia;d306d0a5-ea29-4732-b748-1ae81ef7e3b1;LV52141;;
;Lollikebaek;Lollikebæk;;54.9850263;12.0472547;Denmark;;;;
;Lollikebæk_site 2;;;;;Denmark;;;;
;Lomena;;;54.955635;24.4448641;Lithuania;;;;
;Lonaste;;;57.4827327;22.1362606;Latvia;;;;
;Longinoja;;;60.2516886;25.0278641;Finland;;;;
;Loo oja;Loo;;58.2749927;25.7489612;Estonia;;;;
;Loobu;;;59.4662747;25.86252205;Estonia;8a527e3a-4f2f-43d4-8462-8d00c39d2036;EEVEE1077900;;
;Loobu jõgi;;;59.4382686;25.9696793;Estonia;;;;
;Loode oja;;;57.9440554;24.4548934;Estonia;;;;
;Lorumupe;;;57.6309149;22.5461478;Latvia;;;;
;Lorupe;;;57.1300551;24.8527282;Latvia;;;;
;Lososinka;;;61.7088452;34.3221468;Russia;;;;
;Lotlax bäck;;;63.17523;22.2;Finland;44376d46-16c9-4bb6-bc7a-278a89786a0f;FI84007;;
;Loviisanjoki;;;60.4715973;26.2120253;Finland;b63622e6-2c03-46ef-86fc-96ca59e4b0aa;FI81027;;
;Loån;;;;;Sweden;;;;
;lue_01_c;;?;;;Germany;;;;
;lue_01_d;;?;;;Germany;;;;
;lue_02;;?;;;Germany;;;;
;lue_03_b;;?;;;Germany;;;;
;lue_03_c;;?;;;Germany;;;;
;lue_08;;?;;;Germany;;;;
;Luga;;;58.735699;29.8475013;Russia;;;;
;Luhnau;;;54.1760668;9.6445827;Germany;;;;
;Lukne;Luknė;;55.4347145;23.3278203;Lithuania;;;;
;Luleälven;;;66.9591438;19.8036578;Sweden;dd9fd8a3-cad6-4cda-8ddc-5a23a7a0991e;SE9000;;
;Lumijoki;;;64.8384044;25.1868431;Finland;04be74b0-a9d8-4e27-a97f-8bb43b999b31;FI84102;;
;Luoba;;;56.2792999;21.5223265;Lithuania;;;;
;Lupawa;;;54.4181463;17.4127414;Poland;;;;
;Lusis;;;;;;;;;
;Lübscher Mühlenbach;;;53.844072;9.576131;Germany;;;;
;Lyckebyån;;;56.5210969;15.5916455;Sweden;bb39eee9-163f-449c-bbf0-98480d229523;SE80000;;
;Låge Å;;;54.8487214;11.6158268;Denmark;100d6521-1940-4152-90bd-c0a16411b35f;DK0805;;
;Långsjön (Åland);;;60.21943845;19.94791908;Finland;c13b727f-6980-4676-bfb3-75fa72b97cc4;FI82047A;;
;Långträskdiket;;;;;;1b514c55-8445-44dc-9f2b-585d1f173775;FI84023;;
;Långträskån;;;65.3272927;20.2704051;Sweden;;;;
;Långängsbäcken;;;59.6930266;17.0070451;Sweden;aac6d20e-1de2-4c8e-92c6-5a420fd3d35a;FI81034;;
;Lähkma jõgi;;;58.2648765;24.8684761;Estonia;;;;
;Lätäseno;;;68.7194327;22.223983;Finland;;;;
;Lögdeälven;Lögde;;63.8516494;18.9063606;Sweden;aea873c7-1422-4825-ad33-ecc04316e846;SE32000;;
;Lößnitz;;;;;;;;;
;Maalahdenjoki;;;62.8758277;21.7414264;Finland;dee2abbd-4b36-4989-aa5f-4ea89bf4c041;FI40000;;
;Maderende;;;;;;9401bc58-b5bd-4f8d-9342-3080b8918bbb;DK0613;;
;Maglevands Fald;;;54.96667;12.56667;;eb28013a-796f-4308-8964-68e4343dda08;DK0747e;;
;Maibach;;;;;;;;;
;Majavaoja;;;64.7630571;24.7490206;Finland;075f3815-7526-4bce-9108-47821e02b99b;FI84095;;
;Majorsbäcken;;;62.8999726;21.4533115;Finland;a25de3bd-3d1e-4ea0-8eea-393532bbfbdb;FI83119;;
;Makarlanjärvi;;;60.15676755;22.94999424;Finland;03a0af1f-7891-4c62-a7af-855b46a117fb;FI82018;;
;Malbäcken;;;62.3572172;16.6387202;Sweden;;;;
;Malda oja;;;58.41064685;24.30483706;Estonia;;;;
;Malenter Au ML;;ML, UL;;;Germany;;;;
;Malenter Au UL;;;;;Germany;;;;
;Malinovka;;;;;Russia;;;;
;Malliner Wasser;;;53.508967;13.0873433;Germany;;;;
;Mankinjoki;;;60.185217;24.57826;Finland;4be69311-5017-4715-ba03-497a569f1875;FI81057;;
;Marielundsbækken;;;;;;531aaaf8-828c-40c6-b40d-24ef395b9554;DK1205 a;;
;Marjavuorenoja;;;60.67687;21.57666;Finland;a405c325-21ed-4db5-9166-2bf2814a0143;FI82060;;
;Marlower Bach;;;54.5289065;13.5381812;Germany;;;;
;Marrebæk Kanal;;;54.6818514;11.9095514;Denmark;86217e4f-5320-424c-abe9-acc4181cf114;DK0740;;
;Marrebæks Rende;;;54.9264525;11.1229275;Denmark;e33e328a-0a14-4d04-baab-78ac7dc495fd;DK0823;;
;Marsjön;;;60.354521;17.3112348;Sweden;06d42a57-fda5-4055-a980-77e28e56e409;FI81068;;
;Marströmmen;;;;;;f26c2d5e-8a97-4b6c-9878-d1f871dd807c;SE72000;;
;Matildanjärvi;;;60.21448445;22.93724174;Finland;38e53fbb-ff0e-4d16-b5a1-7199b408f263;FI82020;;
;Maurine;;;53.8187137;10.9292972;Germany;;;;
;Maurumaansalmenoja;;;60.8604723;21.4394559;Finland;03e173d5-a42d-46ed-8937-cf39e2aa54ad;FI82070;;
;Mazā Jugla;Maza Jugla;;56.9094558;24.8193288;Latvia;2a40f9cb-4763-4680-887f-1e4d2afae4e3;LV41234541;;
;Mazupīte;;;57.3377972;24.4518772;Latvia;4d8d21ab-5abb-4e1a-8fa2-2a1ca402a9ab;LV5342;;
;Mechelsdorfer Bach;;;;;;;;;
;Meelseløbet;;;;;;1dcb8566-3128-4c4e-bc11-864f3f3c3bc6;DK0743a;;
;Melnichnyi;;;;;Russia;;;;
;Melnsilupe;;;57.6360296;22.5704336;Latvia;;;;
;Melsted;;;55.2043518;14.9790321;Denmark;;;;
;Melå;;;;;;98ac4f1d-2220-4c40-a27b-3e8f9a4ae292;DK0118;;
;Mera;;;;;;;;;
;Merasjoki;;;67.9102802;23.5449822;Sweden;;;;
;Merenkurkku;;SEA;63.40649175;20.37182808;Sweden;;;;
;Meriküla oja;;;59.4105565;27.9598626;Estonia;;;;
;Merkys;;;54.3971563;24.9127026;Lithuania;;;;
;Midtmarksrende;;;54.8384073;10.3849608;Denmark;5253df69-b76e-45f8-92bd-0a0a00fa922f;DK0947;;
;Mieån;;;56.1946517;14.8501632;Sweden;52d411f6-adfc-48b8-ae20-132d8838c671;SE85000;;
;Mikkonlahti;;;64.09574625;23.61407823;Finland;e1764591-657e-4958-b9e3-6d82c3c734da;FI84066;;
;Mildenitz;;;53.4721103;13.6421133;Germany;;;;
;Mīlgrāvis;;;57.0255993;24.1421957;Latvia;;;;
;Minija;"Minijos bas; Minijos basin";;55.875509;21.7239723;Lithuania;;;;
;Mišupis;;;55.06642;23.35049;Lithuania;;;;
;Mittlere Trave;;;53.8766228;10.3153986;Germany;;;;
;Mittlere u Untere Trave;;;;;;;;;
;Mlinovka;;;;;;;;;
;Moellebaek;;;;;Denmark;;;;
;Moltenower Bach;;Beke;53.90437;11.881839;Germany;;;;
;Moltenower Bach (Beke);;Beke;53.90437;11.881839;Germany;;;;
;Monikonpuro;;;60.2324043;24.7960758;Finland;f7337a00-87f2-45a0-9d50-0511c9d586f5;FI81V052;;
;Mooskerinoja;;;61.5409255;21.611867;Finland;306e9963-7337-4471-9e79-bc2d7aa379b9;FI83043;;
;Moraträsk (Åland);;;;;;6d57e8b7-47a1-43f4-ad3e-befd42e4e9b1;FI82042A;;
;Moraån;;;59.0816394;17.6066369;Sweden;;;;
;Moserenden;;;55.3778173;9.8472372;Denmark;c38b1099-e823-48fb-b1ef-d139ee5d5c43;DK1011;;
;Motala ström;;;58.5468007;15.0714338;Sweden;47e8da47-16dd-453e-8d74-7f8e7ce84371;SE67000;;
;Motel;;?;;;Germany;;;;
;Motel3;;?;;;Germany;;;;
;Moälven;;;63.3285802;18.5330759;Sweden;3db069a1-199e-44f7-ad64-1a01b62286f9;SE36000;;
;mtr_01;;?;;;Germany;;;;
;mtr_02;;?;;;Germany;;;;
;mtr_03;;?;;;Germany;;;;
;mtr_04;;?;;;Germany;;;;
;mtr_07_a;;?;;;Germany;;;;
;mtr_07_b;;?;;;Germany;;;;
;mtr_08_a;;?;;;Germany;;;;
;mtr_09;;?;;;Germany;;;;
;mtr_10;;?;;;Germany;;;;
;mtr_14;;?;;;Germany;;;;
;mtr_15;;?;;;Germany;;;;
;mtr_18_a;;?;;;Germany;;;;
;mtr_19_a;;?;;;Germany;;;;
;mtr_19_c;;?;;;Germany;;;;
;Muehlenfliess;;;;;;;;;
;Muhojoki;;;65.4214545;25.3895739;Finland;af0e98c2-fad6-4f25-92cd-9e771ce75807;FI84124;;
;Muke;;;;;;;;;
;Munkebæk;;;54.9995504;15.048772;Denmark;a25f0904-fe7c-4ed8-8862-d651817277ab;DK0117;;
;Munkemølle Bæk;;;;;;ab5925be-d31b-467e-8313-376e607ca2ea;DK1131;;
;Munsala å;;;63.4272922;22.440743;Finland;1ea4d83e-a17c-4100-b08b-1b886b524e81;FI84014;;
;Muonionjoki;;;68.019323;23.5084059;Finland;;;;
;Musė;;;54.9365177;24.9125585;Lithuania;;;;
;Mustajoki;;;61.5534594;22.450365;Finland;;;;
;Mustaoja;;;61.5580427;22.4550674;Finland;dc268fad-cc93-4e07-8a49-645b30d906c9;FI84085;;
;Mustapuro;;;60.2187604;25.0799997;Finland;c72c9ec7-968d-43c0-8d41-98f0dc79f837;FI81V049;;
;Mustijoki;;;60.5272465;25.3019378;Finland;5c5a2453-f22b-4187-80a2-e3f00a5db449;FI19000;;
;Mustoja jõgi;;;59.585385;26.173447;Estonia;;;;
;MV;;?;;;;;;;
;Mühlbach;;?;;;;;;;
;Mühlbach (Hohensprenz);;?;;;Germany;;;;
;Mühlbach Hohensprenz;;?;;;Germany;;;;
;Mühlbach Strelasund;;?;;;Germany;;;;
;Mühlenau;;;53.6536742;9.7995233;Germany;;;;
;Mühlenbach;;Check these;;;;;;;
;Mühlenbach (Strelasund);;Check these;;;Germany;;;;
;Mühlenbach Strelasund;;Check these;;;Germany;;;;
;Mühlenbach UL;;Check these;;;;;;;
;Mühlenbach(Strelasund);;Check these;;;Germany;;;;
;Mühlenfließ;"Mühlenfliess; Mühlenfließ1";;;;;;;;
;Mühlenstrom;;;54.7066556;9.5806825;Germany;;;;
;Mynäjoki;;;60.7170499;22.0935594;Finland;4cc1c90a-a36c-4ebb-8aa0-08065625c1e7;FI30000;;
;Mångbyån;;;;;;9d4103a8-28ed-4d51-9699-2b6f81a18b13;SE22000;;
;Mårbæk;;;55.0479398;9.0776466;Denmark;28ad8a6a-cf79-48ba-8fcd-5c312dda5b24;DK0720;;
;Mägara oja;;;59.4077728;27.4371358;Estonia;;;;
;Männiku oja;;;57.8062293;26.1940082;Estonia;;;;
;Männiku(Kolga) jõgi;;;59.4712416;25.5993916;Estonia;;;;
;Mäntsäläjoki;;;;;;;;;
;Mätäoja;;;60.2554716;24.8629661;Finland;aa5eb8d2-ae27-4e68-bf10-fe5475ba0ab2;FI81051;;
;Møllebæk;;;55.2374104;14.8081715;Denmark;948bbe9e-78b3-4392-8857-b0587f8f0c6a;DK0140;;
;Møllebæk ved Vang;;;;;;491a52c2-a2f4-487d-a009-fd43f16a05a8;DK0101;;
;Møllegård Bæk;;;55.2310827;14.8791844;Denmark;fc66f319-973e-44da-a099-e3fd1aa64e39;DK0137;;
;Møllerende;;;55.6657106;11.5018001;Denmark;58754dea-b3ed-4721-92c0-d1e7bebc7987;DK0513;;
;Møllesø Rende;;;54.8408084;10.4386676;Denmark;e3a22094-9891-47ab-acfa-1adc370691c2;DK0946;;
;Mörrumsån;;;56.8665326;14.7254221;Sweden;66f72c66-0085-43bb-8628-15781c396bcd;SE86000;;
;Mötteröisenoja;;;;;;6ae17c3e-d652-4b41-9784-b0bd35c109d1;FI84100;;
;Naamijoki;;;67.0756882;23.9653553;Finland;;;;
;Næs Å;;;55.0595267;11.8408129;Denmark;5a8bd1af-e544-4db9-9c0b-4fbdf41972f2;DK0631;;
;Narnebäcken;;;62.9175172;21.485026;Finland;471c2e40-ed60-491f-ae12-b4e10463341a;FI83121;;
;Narva jõgi;Narva;;59.4512792;28.0881184;Estonia;9096cd20-8c6a-4382-a114-60d4dd251235;EEVEE1062200;;
;Navesti jõgi;;;58.599824;25.4434103;Estonia;;;;
;Nea;;;;;Russia;f325eb4c-282f-4afb-8317-f3ad412d9705;SE114000;;
;Nebel;;;54.6516675;8.3536194;Germany;;;;
;Nelma;;;;;Russia;;;;
;Nemenčia;Nemencia;;54.8511809;25.4646215;Lithuania;;;;
;Nemunas;;;54.1566599;24.1838501;Lithuania;;;;
;Nepste oja;;;58.06778;24.6425;Estonia;;;;
;Neris;;;;;Lithuania;;;;
;Neris B;;B;;;;;;;
;Neris basin;;B;;;Lithuania;;;;
;Nessendorfer Mühlenau;;;53.602968;9.906107;Germany;;;;
;Neu Karin;;;54.0007912;11.7462802;Germany;;;;
;Neva;;;59.941638;30.3098903;Russia;;;;
;Nevas å;;;;;;338d7f7d-b524-4735-a4a1-53eb73618380;FI81043;;
;Neveza;;;;;;;;;
;Nianån;;;61.604626;17.0598793;Sweden;e022bb8e-46e8-493c-8df2-c91b086b9b7c;SE46000;;
;Niemenjoki;;;62.2651383;26.3292905;Finland;6f7fc19f-6745-4a4f-805e-a141be5ad66f;FI84057;;
;Niinemäe peakraav;;;58.915384;25.748642;Estonia;;;;
;Nimetu oja Laugu küla juures;;;;;Estonia;;;;
;Nioman;;;;;;;;;
;Nissan;;;;;;eee4eb4d-fcb4-4217-a2d8-8c126a7d9a48;SE101000;;
;Nonnenbach;;;;;;;;;
;Nordborg Bæk;;;55.0599254;9.7259471;Denmark;c9970f9f-4842-40ae-b2c1-753f6b36f2d3;DK1109;;
;Nordlige vandl i Alslev Skov;;;;;;54fbd49a-901b-4cf9-a0b3-a31eecb24806;DK0728;;
;Norralaån;;;61.3568971;16.9978482;Sweden;a5b9a938-b59f-42a9-82b4-1bbf06daff61;SE47000;;
;Norrgårdsdiket;;;;;;7b550cb4-7a12-4d48-91b4-0d068ddad2db;FI83092;;
;Norrmossbäcken;;;63.78412;23.00818;Finland;4bc54644-c1c9-43c6-b65c-e399e5218114;FI84038;;
;Norrström;;;59.32864515;18.06870622;Sweden;c33e5f9d-e206-4d6f-831c-7006bafe09d0;SE61000;;
;Norrträsk (Åland);;Island name mentioned;;;;89f324a5-4418-4e6a-b960-80eb681851ac;FI82041A;;
;Norrtäljeån;;;;;;2f26a3c1-28d7-457b-883c-5e67af31a521;SE59000;;
;Not Applicable;"Other; others; other rivers";Should not be here;;;;c5e4f3b9-298e-4348-8fb2-9bc90e44b874;;;
;Notec;;;;;;;;;
;Notkopuro;;;;;Russia;;;;
;Nõva jõgi;Nova jogi;;59.1734454;23.6991418;Estonia;;;;
;Nummenjoki;;;60.6055756;26.9572027;Finland;b9662a60-ddc4-4169-9702-b798305ca238;FI81015;;
;Nurmižupīte;Nurmizupite;;57.1742018;24.9756606;Latvia;7bc74125-267b-4ea7-9f25-a8151caaae2c;LV52194;;
;Nuutri jõgi;;;58.956091;22.7503413;Estonia;;;;
;Ny Krog Vandløb;;;;;;5c8cc7aa-2800-471a-9832-6b25f52b9f41;DK0710;;
;Nybroån;;;55.5064134;13.9022358;Sweden;b2d1ba8a-d2ac-44a7-af62-b86fe107d22d;SE89000;;
;Nyhandsbæk;;;54.961613;12.4498628;Denmark;c5ea90d5-c230-4f27-835d-944b9c01b1fe;DK0747a;;
;Nyköpingsån;;;58.7813888;16.9589754;Sweden;fe5520a2-58a1-48e2-b251-c5ca63b2d605;SE65000;;
;Närpiönjoki;;;62.6854506;21.680003;Finland;8c4a9b74-81d8-4f3b-9cfd-a613fe97b10e;FI39000;;
;Närvijoki;;;62.6646815;21.7507172;Finland;;;;
;Nätraån;;;63.2022176;18.5166961;Sweden;41198934-19a6-4649-aac6-940ae82c1943;SE37000;;
;Nättrabyån;;;56.4821953;15.3611176;Sweden;3a822a45-767c-456c-808d-ce8802a4d41b;SE81000;;
;Näätämöjoki;;;;;;8c3550de-0192-4120-8f3f-172b58214bb2;FI69000;;
;Nørremose grøft;;;56.3515602;8.3524914;Denmark;d4c6676e-35ce-4acf-8b30-0531ae76ef1d;DK0629;;
;Odderbæk;;;55.4161844;9.5763831;Denmark;6dd4cf7d-c5be-4749-a6cb-0b1aae2d5d28;DK0721;;
;Odderens Bæk;;;54.8913791;10.3341855;Denmark;3f85eff1-22af-4f26-b2f9-5784e405476f;DK0943;;
;Odense Å;;;55.3290712;10.3245413;Denmark;;;;
;Odra;;;;;;;;;
;og_10;;?;;;Germany;;;;
;og_15;;?;;;Germany;;;;
;og_16_a;;?;;;Germany;;;;
;og_16_b;;?;;;Germany;;;;
;og_16_c;;?;;;Germany;;;;
;Ogerna oja;;;59.0934528;23.585928;Estonia;;;;
;Oitme oja;;;58.5253;22.7226613;Estonia;;;;
;Oju pkr;;;;;Estonia;;;;
;Oksebækrende;;;;;;706ec73b-0368-4858-969f-fce353998050;DK0832;;
;Olandsån;;;60.0221604;18.0120099;Sweden;2e1505fb-0ec2-4d11-9f63-1d8cef701959;SE56000;;
;Olhavanjoki;Volkhov River;Does this refer to Volkhov RU?;59.2586237;31.8751805;Russia;b504eea3-b0ac-47ea-80db-4c36a995f1a0;FI62000;;
;Olkijoki;;;64.7044578;24.6596248;Finland;92538d63-3a90-40a0-88c4-bb16912bd337;FI84093;;
;Olofsnäs träsk (Åland);;Island name mentioned;60.36086255;19.85257496;Finland;f9f0cfa8-c282-4f69-9242-678b119255f3;FI82040A;;
;Olsbæk;;;55.5923244;12.2965726;Denmark;369e1dd2-fe30-4aa9-953e-2dc57faafcfa;DK0501;;
;Ondebæk;;;55.744537;11.3052301;Denmark;8ac47117-023a-4c23-8b02-0393e1609452;DK0409;;
;Õngu jõgi;;;58.8655503;22.459517;Estonia;;;;
;Onsbæk;;;55.0790312;14.7477439;Denmark;92823a74-dd64-4b62-b970-da0f783975af;DK0107;;
;Oravaistenjoki;;;;;;564b42a4-9093-4e10-b8d9-c3bd3c0dd41e;FI43000;;
;Ormebæk;;;55.0817623;14.7122868;Denmark;0cb3f7c1-e541-4da2-8f38-6879e1faac64;DK0106;;
;Orzechowka;;;53.6783;22.83779;Poland;;;;
;Osterbek;;;53.5935807;10.0698806;Germany;;;;
;Ostpeene;;;53.6831597;12.79027033;Germany;;;;
;otr_12_b;;?;;;Germany;;;;
;otr_13_b;;?;;;Germany;;;;
;otr_13_c;;?;;;Germany;;;;
;otr_14;;?;;;Germany;;;;
;otr_15_b;;?;;;Germany;;;;
;otr_15_c;;?;;;Germany;;;;
;Oulujoki;;;64.8446771;26.1925425;Finland;19dc007b-5c9e-4e82-87bd-81264fa368d9;FI59000;;
;Oxbek;;;54.6336297;9.6980493;Germany;;;;
;Paadrema jõgi;;;58.5311054;23.8643217;Estonia;;;;
;Paatsjoki;;;69.2394029;29.3145417;Russia;997c1d2f-4fb0-41b5-9b47-551336e36f4b;FI71000;;
;Pada jõgi;;;59.4373608;26.7109232;Estonia;;;;
;Pahaoja;;;68.4527862;26.8107834;Finland;c0e7132b-ef03-47b6-9895-57b60d3e6b50;FI84117;;
;Paimionjoki;;;60.616111;22.9603715;Finland;cd958f12-bd19-4cf8-91a0-042fdcfc9b5b;FI27000;;
;Paisillanoja;;;60.58083;27.76447;Finland;822499b7-7a94-4d85-8e15-2499f4e010bb;FI81002;;
;Pajesø Rende;;;55.9329507;11.6364;Denmark;384ea0fc-85bb-437b-9a38-a6d6ffd1fd4b;DK0401;;
;Pakajoki;;;67.6222505;23.6551614;Finland;;;;
;Palojoki;;;60.4362766;24.9196965;Finland;;;;
;Pandehave Å;;;56.0792556;12.4129939;Denmark;47e13ce0-a070-49ec-902a-ee274d84579f;DK0205;;
;Panzower;;;53.9824772;11.672781;Germany;;;;
;Panzower Bach;;;53.9824772;11.672781;Germany;;;;
;Parchow;;;54.5852632;13.2865319;Germany;;;;
;Parkajoki;;;67.7490354;23.1303927;Sweden;;;;
;Parnu;;;58.3835136;24.5081751;Estonia;;;;
;Parsęta;Parseta;;53.947612;16.0524052;Poland;;;;
;Paskapuro;;;;;Russia;;;;
;Pasleka;;;54.062566;20.0989194;Poland;;;;
;Pattijoki (bif. Haapajoki);;;64.688907;24.579593;Finland;da990c4c-ca0a-4a3e-9129-d786cbc0cef3;FI84090;;
;Peene;;;53.9272865;13.0759252;Germany;;;;
;Peezer Bach;;;54.1414652;12.2461667;Germany;;;;
;Peipiya;;;;;Russia;;;;
;Peipunoja;;;61.7834715;21.5689941;Finland;00c2bc07-28ab-4d1b-88e9-aff651ada99f;FI83063;;
;Pelysa;;;55.6853239;25.0827097;Lithuania;;;;
;Pennewitter Bach (in Teppnitzbach);;;53.821451;11.750479;Germany;;;;
;Pennu oja;;;59.1482294;24.051004;Estonia;;;;
;Penttilan-oja;;;;;Russia;;;;
;Perhonjoki;Perhojoki;;63.8428063;23.2386938;Finland;880eb0a7-cbcb-4f6e-8c97-38717f677b98;FI49000;;
;Perjatsi oja;;;59.387773;27.8391068;Estonia;;;;
;"Peršokšna; Peršoksna";Persoksna;;55.1560056;25.8524619;Lithuania;;;;
;Perämeren rannikkoalue;;coastal area;65.019787;25.506521;Finland;a89cffe5-a263-4899-b1cc-de2714c704de;FI84000;;
;Perämeri;;see Perämeren rannikkoalue;64.8141108;23.2226442;;;;;
;Peräoja;;;60.8723722;26.6253188;Finland;7f7c1199-3d68-4b4e-bbe6-2244642f2184;FI84106;;
;Peschanaya;;;;;Russia;;;;
;Petalaxå;;;;;;adb0bddb-94be-4d3a-8cd9-9c0298a44ebb;FI83114;;
;Pēterupe;Peterupe;;57.2235376;25.1858861;Latvia;f84361d0-2127-48a3-9396-11d9748144bd;LV5321;;
;Petrovka;;;;;Russia;;;;
;Piasnica;;;54.8156064;18.0652835;Poland;;;;
;Pidula nimetu oja;;;58.4235;22.15513;Estonia;;;;
;Pidula oja;;;58.454923;22.16297567;Estonia;;;;
;Piehinginjoki;;;64.58048;24.37991;Finland;9077c135-ed55-4073-9133-8121be45301c;FI56000;;
;Piehinkijoki;;;64.5279142;24.5156143;Finland;;;;
;Pietniemenoja;;;61.50698;21.62893;Finland;92b364bc-7b43-47d8-ba64-b3e5f8be579c;FI83039;;
;Pihlajanjoki;;;60.5422069;27.5923991;Finland;67b49a5a-847a-44e5-a0d9-f75a77485d3e;FI81005;;
;Piirsalu jõgi;;;59.0961998;24.049684;Estonia;;;;
;Pikasoo oja;;;;;Estonia;;;;
;Pikkmetsa jõgi;;;58.6926088;25.355579;Estonia;;;;
;Pikku Vammeljoki;;;;;Russia;;;;
;Pilkenbek;;;;;Germany;;;;
;Pilsupe;;;57.5438712;22.5198724;Latvia;;;;
;Pirita;Pirita jõgi;;59.2124995;25.0825138;Estonia;35a559b1-964e-452d-9e25-1dbdadc9a7bc;EEVEE1089200;;
;Pissebæk;;;55.2537713;14.7475576;Denmark;58e80ffa-4f0f-41f8-8c2e-5b4f485d4852;DK0100;;
;Piteälven;;;66.0704847;19.0595626;Sweden;b32b325d-9bf7-44ba-803f-8ed6f8e1b1aa;SE13000;;
;Pitragupe;;;57.6802588;22.380633;Latvia;9c1d6344-8278-471f-a9cc-be7c27af82eb;LV37341;;
;Piuhanjoki;;;60.5016955;22.1119853;Finland;0f4bd809-e9eb-4605-a15c-9f6e4f822be5;FI82049;;
;Plaštaka;Plastaka;;55.3181079;25.0585183;Lithuania;;;;
;Platenes kanāls;;;57.373992;21.737625;Latvia;eca2e908-ba4b-4ef4-bdaf-2243ddce4fcd;LV361222;;
;Poama oja;;;58.9224985;22.3202323;Estonia;;;;
;Põduste jõgi;Põduste;;58.3603376;22.5115062;Estonia;;;;
;Pohjaniitunoja;;;61.6693536;21.6677562;Finland;0841ae79-8454-41f1-9e77-7b4bd4b6115a;FI83056;;
;Poischower Mühlenbach;Poischower Muehlenbach;;53.853951;11.2033646;Germany;;;;
;Polchow;;;54.0097235;12.0956473;Germany;;;;
;Polevaya;;;;;Russia;;;;
;Pomlerende;;;54.8113963;12.1263622;Denmark;d9f7cc5d-b4b8-4b49-96fe-df2548525fd0;DK0744c;2f80e1ab-476e-444f-9e2f-9813efe5002f;
;Poolnõmme oja;;;;;Estonia;;;;
;Poroeno;;;69.087128;21.844333;Finland;;;;
;Porsbäcken;;;62.8397011;21.2593079;Finland;1a27771b-ecf0-4da7-9dba-441edd8c8060;FI83110;;
;Porvoonjoki;;;60.703013;25.6471721;Finland;5cfce40e-9610-4d02-af9e-bd9173511fdb;FI18000;;
;Prandi jõgi;;;58.8095361;25.5688675;Estonia;;;;
;Pregola;;;54.640895;21.0263894;Russia;;;;
;Priivitsa oja;;;57.996425;24.5475722;Estonia;;;;
;Privetnaya;;;;;Russia;;;;
;Prochladnaja;;;;;;;;;
;Prästbäcken;;;59.6316029;14.2485829;Sweden;;;;
;Prästträsket (Åland);;Island name mentioned;;;;27be6532-3d6f-490e-b7bb-13ebaf29d6aa;FI82048A;;
;Pudisoo jõgi;Pudisoo;;59.5068903;25.63967;Estonia;;;;
;Pukkilanoja;;;60.4497302;22.4592942;Finland;69392231-edbd-4e5e-968f-d7b0142e7bb3;FI82042;;
;Pulverbek;;;53.8554066;10.3626888;Germany;;;;
;Punapea jõgi;;;58.5368468;22.4880465;Estonia;;;;
;Puontpyölinjärvi;;;60.09614115;23.1645489;Finland;1545791e-3860-4fd7-9445-f46e90fe22be;FI82014;;
;Purilanjoki;;;60.3507147;23.0076667;Finland;64f9529c-c746-4ffb-be8d-9642972353e7;FI82028;;
;Purmonjoki;;;63.543154;22.9272744;Finland;d3e7aca7-9d2e-4e98-9a56-dcef62b07dc6;FI46000;;
;Puro (Repino);;;;;Russia;;;;
;Purtse jõgi;Purtse;;59.2714324;27.0006422;Estonia;99e2e8d3-1089-4758-b084-2fa66e36f6f3;EEVEE1068200;;
;Putaanoja;;;66.3635644;29.4079317;Finland;b1093811-90d4-4636-b97a-34a9f110401e;FI84131;;
;Puttanjoki;;;60.6684534;21.7298225;Finland;0ee4a2ad-8772-48b9-9c3f-18077a57c447;FI82056;;
;Pühajõgi;Pyhajogi;;59.3728168;27.4801906;Estonia;77514c80-06fd-4e7a-ba8a-6482b429e4b0;EEVEE1067000;;
;Pyhäjoki;;;64.4663193;24.2550528;Finland;62e7cd72-600e-424b-ac16-7c1151f7f25b;FI54000;;
;Pyölinjoki;;;60.5383803;27.4525486;Finland;0caf8f32-a353-40d0-9e8d-0eb10709883b;FI81011;;
;Pålböleån;;;63.9382216;20.5903682;Sweden;;;;
;Påø Bæk;;;54.8389284;10.7603082;Denmark;fbb59e48-c239-4a73-85d8-edcbd82e0cef;DK0959;;
;Pähkla oja;;;59.2281904;24.8910432;Estonia;;;;
;Pähkla pkr;;;59.19;24.87389;Estonia;;;;
;Päkinoja;;;61.891717;21.4679684;Finland;b6082087-7e79-42b4-bd24-502a93016ece;FI81009;;
;Pärlijõgi;;;57.6777244;26.881049;Estonia;;;;
;Pärnu jõgi;Pärnu;;58.6331089;25.1684058;Estonia;4dc04caa-e1f5-41d1-b124-ad0bb75349ed;EEVEE1123500;;
;Pöntiönjoki;;;64.0970918;23.7626847;Finland;31198f8f-54ce-4d0d-bf96-329c1299d675;FI52000;;
;Raaseporinjoki;;;59.9970225;23.6498732;Finland;;;;
;Rabeler Scheidebach;;;;;;;;;
;Radebach;;;53.752191;11.7194926;Germany;;;;
;Radegast;;;;;;;;;
;Radunia;;;54.3024501;18.3055024;Poland;;;;
;Raisionjoki;;;60.5411324;22.2161046;Finland;fae684cc-353e-4e59-9698-30e34cf03be3;FI82047;;
;Rajastenoja;;;;;;16219e2f-4932-4b35-a0f1-71e3837b6f7a;FI84144;;
;Raksupe;;;57.2620012;25.2656914;Latvia;;;;
;Raķupe;;;57.4169933;22.2408;Latvia;e6507e6c-73fa-49be-be3e-c7e20fe09736;LV3722481;;
;Ramlösabäcken;;;;;Sweden;;;;
;Rana;;;;;;156daf14-9a3f-471a-a3e7-15fb6a12d11c;SE116000;;
;Rand Bæk;;;;;;a5262665-a808-4889-ad40-97b4a891a556;DK1223;;
;Randkanal;;;53.6125506;9.4393097;Germany;;;;
;Ranna oja;;;58.7113455;26.90877482;Estonia;;;;
;Rannametsa jõgi;;;58.1120731;24.6396985;Estonia;;;;
;Raseborgs å;;;59.973657;23.437831;Finland;3bb4795d-abb1-441d-9fe0-9f29c201bd35;FI81073;;
;Ratnycia;;;53.9891492;24.0424208;Lithuania;;;;
;Raumanjoki - Pitkäjärvi;;;61.62415305;25.09390868;Finland;dc2d1ca2-18dc-41ba-91a7-02242e3a68e8;FI83016;;
;Raumanoja;;;60.6491052;21.4837183;Finland;e447fc41-6d87-4ef5-87e9-f3a8ddf375f1;FI82064;;
;Rauna;;;57.3322404;25.6066557;Latvia;c610ab95-a569-4283-8e68-3b0dcfb88a14;LV52381;;
;Raunis;;;57.2875946;25.4544609;Latvia;1665281b-1f71-4559-80a8-e09ad78030a7;LV523841;;
;Ravensberg;;;;;Germany;;;;
;Ravijoki;;;60.5649821;27.5106554;Finland;0e0fafd8-8140-4683-92b4-701068ecad7e;FI81007;;
;Ravnsbæk;;;55.2653358;10.2632207;Denmark;ba72d59c-20ea-466a-bf2b-2a5e727a20ea;DK1215a;;
;Ravnsby Bæk;;;54.8953155;11.3628616;Denmark;684ba036-5f52-4d24-9db5-5e3115be7ca4;DK0816;;
;Recknitz;;;54.0390656;12.5048595;Germany;;;;
;Reda;;;54.6043272;18.3505191;Poland;;;;
;Rega;;;53.7601476;15.4852774;Poland;;;;
;Reilanjärvi;;;61.0363551;21.38834943;Finland;aebb0e22-e4b3-413d-9104-3c9196f567a0;FI83008;;
;Reiu jõgi;;;58.1940573;24.7554542;Estonia;;;;
;Rendeløb;;;54.8868004;9.7061956;Denmark;5f9fc391-679a-464b-86c4-5a78e198a695;DK1139a;;
;Reppeliner Bach;Reppeliner;;54.0668234;12.4529597;Germany;;;;
;Rickleån;;;64.2388333;20.7338422;Sweden;7f87c40b-ff08-4cf5-ab71-32a4a4ce9c14;SE24000;;
;Riežupe;;;56.9698649;22.2104134;Latvia;;;;
;Riguldi jõgi;;;59.0994233;23.6049075;Estonia;;;;
;Rihula oja;;;59.5230626;26.618034;Estonia;;;;
;Rinda;;;57.431549;21.8966013;Latvia;d926a366-be8c-4360-a78f-46c040e8fc1d;LV37241;;
;Risebæk;;;55.0364263;14.8706863;Denmark;b8d456d6-1b36-4d5a-9a1c-afea66393979;DK0110;9681b8dc-18d2-4c6a-ae9e-9b37244d52df;
;Risebergabäcken;;;55.5710084;13.0696003;Sweden;;;;
;Risti oja;;;59.0010249;24.0524562;Estonia;;;;
;Risängesbäcken;;;;;Sweden;;;;
;Ritzerauer Mühlenbach;;;53.660967;10.573472;Germany;;;;
;Riva;Rīva;;;;Latvia;1206ff94-86f7-4ad2-b8d7-d0eaa96d3534;LV3561;;
;Roja;;;57.49396145;22.82372272;Latvia;309e23c4-cc6e-42cf-aa87-d5cea45d7e8d;LV3741;;
;Rolfsån;;;57.4805123;12.1174251;Sweden;d9aa335c-a7e2-4b65-af5f-549349f62e4b;SE106000;;
;Rompotinpuro;;;;;Russia;;;;
;Ronnebyån;;;56.3855521;15.2341427;Sweden;042e9ee7-193b-449a-bb00-b169df8f57dc;SE82000;;
;Roschinka;;;;;Russia;;;;
;Rosengartener;;;53.5305741;10.8128305;Germany;;;;
;Rosengartener Beek;"Rosengartener Beek; Rosengartener Bek";;;;Germany;;;;
;Rosenå;;;;;;ed1ff392-4438-4bab-99f9-a8fa2fefe831;DK0216;;
;Rosån;;;;;;9c9b9ef1-8f81-4445-8a1a-a371f1986b2b;SE11000;;
;Rotbaeck;;;;;Germany;;;;
;Runtiņš;;;57.1690326;24.7571542;Latvia;;;;
;Ruonanjoki;;;61.7022087;23.448185;Finland;70917b8a-b9fa-481e-b793-d5859c405c68;FI82033;;
;Ruonanoja;;;64.6588049;24.5253562;Finland;70ee765f-9d3d-403b-8282-378632dea293;FI82062;4a9e3458-8ae2-41c2-a6c1-df903bebe81d;
;Ryckgraben;Ryck;;54.1190197;13.2500015;Germany;;;;
;Ryde å;;;54.8042416;11.1612029;Denmark;bd5100a8-bc59-44a8-b4ef-2904107c5b91;DK0834;;
;Råbylille Kanal;;;54.9877;12.38334;Denmark;61042696-7f31-4ef1-8621-13fcd062a479;DK0747;;
;Råbäcken;;;65.8473514;14.9951499;Sweden;1799e392-e6ed-4644-8b95-581327b73d46;FI84041;;
;Rågårdsdiket;;;62.0864594;21.3348474;Finland;53ea9cc7-315d-4f10-b41a-b17edeef5b6a;FI83077;;
;Råmosegrøften;;;;;;80aa2842-b6b6-4012-ae19-409ee79016b4;DK0416;;
;Råneälven;Råne älv;;66.3434338;21.365636;Sweden;47b5b305-0afc-447e-ac2d-995597845245;SE7000;;
;Råtjärnbäcken;;;65.8526696;21.7059553;Sweden;;;;
;Råån;;;55.9681941;12.8416466;Sweden;b89a4b32-97d5-4144-87b9-d76bd46f9bf1;SE94000;;
;Rönne å;;;56.1126294;13.1669789;Sweden;5b9d1751-7247-4f7e-b34d-ef20e4977055;SE96000;;
;Rørby-Svallerup Skelgrøft;;;;;;89e5d9d2-26dc-44c0-8be9-5a88bd25aad8;DK0417;;
;Rørmose Bæk;;;55.0331246;9.5791036;Denmark;4709675c-905f-4d5c-942a-4e582a2e0b81;DK0718;;
;Saaristomeren rannikkoalue, Ahvenanmaa;;coastal area; Ahvenanmaa;59.84826;Southwest Finland;bec13076-416a-410a-bbd6-b8b9900b4687;FI82000;;
;Saaristomeri;;See Saaristomeren rannikkoalue;59.9042119;21.9276719;;;;;
;Saarjõgi;;;58.6521529;25.3605245;Estonia;;;;
;Saddelmagerrende;;;;;;c1334c3a-b9c0-41e8-8d27-8e1fce1ec8e8;DK0744b;;
;Saegebach;;;;;Germany;;;;
;Sagader Bach;"Sagarder Bach; Sagarder Bach1";;54.5223073;13.5364025;Germany;;;;
;Sahajärvi;;;60.24854545;22.97686113;Finland;3567eecc-91a7-40aa-aaf7-bf15a0ff800c;FI82022;;
;Sahaoja;;;64.5630129;24.8569724;Finland;41d6b1a5-246c-41cb-a30a-ceb340502af8;FI84129;;
;Saida;;;;;;;;;
;Saide;;;54.7043833;25.0338044;Lithuania;;;;
;Saka;;;;;Latvia;cee2d1b1-e985-4fa1-abf8-1a71ca5cdc8c;LV3541;;
;Sakskøbing Å;;;54.7932588;11.65047;Denmark;0dc620d3-3db0-4e1c-9503-cfc2c82d388f;DK0806;;
;Salaca;;;57.8355239;24.7626777;Latvia;58be9ec9-3fec-47b5-b46b-3ca3a9a82e68;LV54111;;
;Salcia;;;;;;;;;
;Salme jõgi;;;58.1694665;22.2250913;Estonia;;;;
;Saltuona;;;55.2597685;22.6801002;Lithuania;;;;
;Saluån;;;;;Sweden;;;;
;Salzau;;;54.3345105;10.359743;Germany;;;;
;Sandhagen;;;;;Germany;;;;
;Sandholm Løbet;;;60.16743;22.1156;Finland;82ba134d-1db3-4885-a980-62613756aab8;DK0842;;
;Sangisälven;;;65.9264512;23.4670722;Sweden;2a00167a-6364-4ace-8dda-3f494f7c28fe;SE3000;;
;Sargarder Bach;;;;;;;;;
;Saria;;;;;;;;;
;Sarios;;;;;Russia;;;;
;Sarvlaxträsket;;;60.44137395;26.12120066;Finland;715846bc-2582-48db-8b30-35a4bc2859ec;FI81029;;
;Sassilanjuova;;;;;;a31d2640-74bd-4b3d-a6d2-fdcb30540f57;FI83029;;
;Šata;Sata;;;;;;;;
;Sauga jõgi;;;58.5320308;24.7138603;Estonia;;;;
;Saula kr;;;;;Estonia;;;;
;Sausdravas;;;55.8445828;21.9562663;Lithuania;;;;
;Sauvonjoki;;;60.3331166;22.7096635;Finland;81207dbf-7360-434a-91af-07e35fc801b8;FI82035;;
;Saxån;;;;;;ec0ed260-a6c7-4d86-9cdd-a62b0b913c98;SE93000;;
;Schmieden Au;;;;;Germany;;;;
;Schmiedenau;;;;;;;;;
;Schwartau;;!;54.0099465;10.6754006;Germany;;;;
;Schwartau bis Barkauer See;;!;53.930861;10.70824;Germany;;;;
;Schwartau UL;;!;54.092413;10.630647;Germany;;;;
;Schwastrumer;;!;;;;;;;
;Schwastrumer Au;;!;54.5610461;9.9794481;Germany;;;;
;Schwennau;;!;54.8439595;9.540708;Germany;;;;
;Schwentine;;!;;;;;;;
;Schwentine bei Klausdorf;;!;54.294046;10.206231;Germany;;;;
;Schwentine Zulauf Sibbersdorfer See;;!;;;Germany;;;;
;Schwinge;;;53.5479998;9.4097465;Germany;;;;
;Sealand;;Sea?;;;;;;;
;Seebach (Steinhagen-Rühn);;;;;Germany;;;;
;Sege å;Segeå;;55.5658095;13.1480017;Sweden;8fead917-0d0b-4395-8770-ff0abc0a2fb2;SE90000;;
;Sehrowbach;;;54.3819695;13.267142;Germany;;;;
;Sejet Bæk;;;55.818521;9.924822;Denmark;6f86310a-1943-4304-85df-1abb2e5e91f0;DK1303a;;
;Seleznevka;Seleznevka;;;;Russia;;;;
;Selja;Selja jõgi;;59.45109;26.3650785;Estonia;9898637d-09f5-411c-9b9a-7b18ab62fb25;EEVEE1074600;;
;Selker Mühlenbach;;;;;Germany;;;;
;Selkämeren rannikkoalue;;coastal area;62.270973;21.401256;Finland;55e31c9f-7a2c-4aa0-9b82-1a72964da403;FI83000;;
;Selkämeri;;Sea, see Selkämeren rannikkoalue;61.7529933;19.4579036;;;;;
;Selångersån;;;62.4018425;17.2506283;Sweden;c05f6ae5-1c5a-4340-b087-ad764ec4b260;SE41000;;
;Šepka;;;57.3527956;26.029122;Latvia;9d23679e-6cc1-449e-af7c-a5b51f0061d0;LV5272221;;
;Serga;;;;;Russia;;;;
;Šerkšnė;Serksne;;56.2267982;22.2096285;Lithuania;;;;
;Šervinta;;;54.7065979;22.7490113;Lithuania;;;;
;Sestra;;;;;Russia;;;;
;Šešuola;Sesuola;;55.2258657;24.9587649;Lithuania;;;;
;Sešuvis;"Sesuvis; Šešuvis";;55.3198683;22.6366639;Lithuania;;;;
;SH;;?;;;;;;;
;Siesartis;;;55.242866;25.1337221;Lithuania;;;;
;Siesbek;;;54.5922913;9.8644839;Germany;;;;
;Siikajoki;;;64.71196755;24.97916109;Finland;82a61c7f-2d81-468d-8783-f8f5c154cb04;FI57000;;
;Sikån;;;64.6030365;19.9425889;Sweden;;;;
;Sildebækrende;;;55.6583981;11.1208093;Denmark;76a93e94-d93f-47f3-8d80-2e8c47c0c679;DK0415;;
;Siltakylänjoki;;;60.4973738;26.7158545;Finland;d55c37eb-8116-4bfd-9925-be8edf28b399;FI81020;;
;Simojoki;Simo;;65.9607711;26.0035953;Finland;c1d36bf9-eb37-4af7-93e4-308a4ad32a70;FI64000;;
;Sipoonjoki;;;60.3818103;25.2762209;Finland;13addfae-7b21-413b-b657-0ff53547fa25;FI20000;;
;Sirppujoki;;;60.9139424;21.7289632;Finland;7f504e70-c3cc-4e5d-82cb-170e93cac3f8;FI32000;;
;Širvinta;;;55.0463365;24.9547282;Lithuania;;;;
;Širvinta ;Sirvinta;;55.0463365;24.9547282;Lithuania;;;;
;Sista;;;59.6707212;28.8935218;Russia;;;;
;Siuntionjoki;;;60.1733141;24.2270335;Finland;c2550b54-47c6-452a-adec-be8bc73df3fb;FI22000;;
;Šiušis;Siusis;;55.4635287;21.5467457;Lithuania;;;;
;Själsöån;;;57.6928944;18.3771398;Sweden;;;;
;Skaļupe;Skalupe;;57.2563867;25.0777942;Latvia;6c66ddbf-e896-4ef1-871c-5d18072d3f0c;LV523181;;
;Skeboån;;;59.9992975;18.6038932;Sweden;9986dd3a-64cb-4f37-b515-91316cdf386b;SE57000;;
;Skellefteälven;;;65.2079206;19.3583393;Sweden;ac80d90e-d40e-44c2-84b3-9c0fa0a04ba4;SE20000;;
;Skellerup Å;;;56.2057506;10.495123;Denmark;75ed0282-0167-474d-a06b-55279fd7c826;DK1405;;
;Šķērvelis;Šķervēlis;;56.5809641;21.9853156;Latvia;5b1b8716-91cd-49bc-a89f-8965b8e2a2ca;LV36741;;
;Skjoldemose Rende;;;55.102822;10.475999;Denmark;b38add47-00fc-42cd-a1d5-802c089b012f;DK0919;;
;Skräbeån;;;56.0560958;14.4753429;Sweden;762c1fd8-c18c-4451-9c63-fbff6c331ceb;SE87000;;
;Skrövån;;;66.8455743;21.6871065;Sweden;;;;
;Skulle Bæk;;;;;;b14f0b59-0e41-4689-a5eb-d449affbe155;DK1211;;
;Skydsbæk;;;54.9022956;10.2748403;Denmark;398bbe65-81e8-414f-8fef-8506c2797d4e;DK0951;;
;Skärjån;;;61.0447527;17.0840618;Sweden;6f81e5dd-dea8-4f79-b527-03bb4c3eda3e;SE49000;;
;sl_03_b;;?;;;Germany;;;;
;sl_05_a;;?;;;Germany;;;;
;sl_05_b;;?;;;Germany;;;;
;sl_07;;?;;;Germany;;;;
;sl_08;;?;;;Germany;;;;
;sl_09_a;;?;;;Germany;;;;
;sl_09_b;;?;;;Germany;;;;
;sl_10_a;;?;;;Germany;;;;
;sl_10_b;;?;;;Germany;;;;
;sl_11;;?;;;Germany;;;;
;sl_12;;?;;;Germany;;;;
;sl_13;;?;;;Germany;;;;
;sl_15;;?;;;Germany;;;;
;sl_16;;?;;;Germany;;;;
;sl_17;;?;;;Germany;;;;
;sl_18_a;;?;;;Germany;;;;
;sl_18_b;;?;;;Germany;;;;
;Slupia;Słupia;;54.2870772;17.3242956;Poland;;;;
;Slåttmossdiket;;;62.1291448;21.3632926;Finland;8c80f456-c124-4ba1-9853-4baf927f52bd;FI83079;;
;Smiltelė Baltic sea;"Smiltele; Smiltelė Baltic sea";;55.666452;21.172667;Lithuania;;;;
;Smolyakov;Smolyachkov;;60.19453;29.48542;Russia;;;;
;Smörbäcken;;;63.877023;20.0606895;Sweden;;;;
;Snoderån;;;;;;4e267563-4296-46f6-b6f0-d75a8d22d400;SE118000;;
;Snogbæk;;;54.9605145;9.6918777;Denmark;23aee074-89fc-463c-9038-f1b53e67fb68;DK0506;;
;Snärjebäcken;;;56.8481007;16.2740081;Sweden;af2dd8d6-c39a-443d-86f0-62d7c77976b6;SE76000;;
;Soklotdiket;;;63.5447523;22.5912758;Finland;37998bbe-405c-4e94-82d5-62d3fb9d7bff;FI84019;;
;Solka;;;;;Russia;;;;
;Solrød Bæk;;;55.5349948;12.1952829;Denmark;6d3af488-987b-4673-9279-52a32f6fc736;DK0504;;
;Sõmeru oja;;;59.3602283;26.4408764;Estonia;;;;
;Sommerdorfer Mühlbach;;;;;Germany;;;;
;Soonda oja;;;58.592804;23.2952009;Estonia;;;;
;Sõreda oja;;;59.418872;26.9388066;Estonia;;;;
;Sorterende;;;54.7463822;11.1048629;Denmark;5aa3219e-fdfd-4e04-96e1-19b47e2ff46a;DK0839;;
;Sõtke jõgi;;;59.3631738;27.6975262;Estonia;;;;
;Spangsbæk;;;55.2371172;9.6101618;Denmark;4ec4cabd-6fe0-4e8c-b76b-04bce2dfd9d7;DK0516;;
;Spegerborgrenden;;;;;;610d3207-038f-418a-81b3-828879350ba6;DK0609;;
;Spengla;;;54.4039361;24.7307319;Lithuania;;;;
;Spolsau;;;54.2515018;10.3291084;Germany;;;;
;Spongså;;;55.965258;10.2463389;Denmark;28fc7633-4dce-4c7d-8ef3-c8e1c8aba350;DK1315;;
;st_03_a;;?;;;Germany;;;;
;st_03_d;;?;;;Germany;;;;
;st_04;;?;;;Germany;;;;
;st_06;;?;;;Germany;;;;
;Stadtgraben;;;54.098706;13.3711382;Germany;;;;
;Stangebæk;;;55.0201013;15.1159537;Denmark;4f914977-11ed-4529-90ba-6959caeef57d;DK0117a;;
;Starrbölebäcken;;;;;;6407a5e9-4372-4216-baff-226295dc8426;FI81077;;
;Stavidså;Stavids Å;;55.4395303;10.2067324;Denmark;;;;
;Stavreby Bæk;;;;;;d0163a27-9f07-4d90-86d2-a8c5388007c7;DK0527;;
;Steinau/bei Nusse;;;53.660941;10.582065;Germany;;;;
;Steinbek;;;53.921187;10.4049781;Germany;;;;
;Steinhagen;;;;;;;;;
;Stenbæk;;;56.9930154;9.3224611;Denmark;5a4213ad-1158-40e7-b4df-9fdc15a46c53;DK1406;;
;Stenbitbäcken;;;62.5728673;17.2900738;Sweden;;;;
;Stenshave Bæk;;;55.0671893;12.0993761;Denmark;17d17862-c947-456c-9957-119be9d83ba9;DK0530;;
;Stenån;;;61.9889795;15.2344575;Sweden;314f43b0-a8b2-4f67-94a6-0b6b18422620;SE97000;;
;Stepenitz;;;53.843174;11.1234841;Germany;;;;
;Stokkebæk;;;55.1493524;10.5925796;Denmark;;;;
;Stokkemarkeløbet;;;;;;06dad048-9756-4cde-9ef7-79e5a3a16452;DK0812;;
;Storbäcken;;;64.6172678;17.9146178;Sweden;7d15df52-ca51-4914-a133-45ddc6b10f3a;FI83106;;
;Storträsk (Åland);;;60.2304214;19.8998137;Finland;48c69830-5fb6-4723-8392-167e422a95b0;FI82038A;;
;Storträsket;;;66.07552255;23.23430707;Sweden;719312c8-ebdb-48d1-9179-f23cb01e6f9b;FI82008;e073e339-2dde-4651-9f03-71a0fdf65aff;
;Storå;Storaa;;;;Denmark;;;;
;Storån;;;57.7025333;11.97065154;Sweden;d3ac8c30-8b51-4348-a742-83fb6ac448a9;SE70000;;
;Storängsbäcken;;;60.3872513;25.5040208;Finland;699f678a-96e2-4eff-8fe3-886e5e1253b9;FI81037;3f4725d1-24b3-42a5-af71-9f8745c78e2b;
;Strandby Bæk;;;55.1770753;15.00241;Denmark;5d03c821-6862-4172-be6a-660c22b9240c;DK0129;;
;Strasburger Mühlbach;;;53.4988484;13.8000135;Germany;;;;
;Strasburger Mühlbach;;;53.4988484;13.8000135;Germany;;;;
;Strasburger Mühlenbach;;;;;;;;;
;Straßburger MB;;;;;Germany;;;;
;Strehlower Bach;;;53.242846;13.804033;Germany;;;;
;Stridbäcken;;;;;Sweden;;;;
;Strīķupe;Strikupe;;57.3716554;25.2563999;Latvia;8d0639e9-3565-4d52-865a-38c159755b46;LV52361;;
;Strinneån;;;63.1840463;17.4311248;Sweden;;;;
;Strömbäcken;;;62.8802713;21.4130406;Finland;65b87049-5b82-4552-8cb0-714061062b5e;FI83117;;
;Strömsbäcken;;;60.0928594;24.4947689;Finland;9383a4eb-0cd9-4731-9a43-259894acd7d5;FI83112;;
;Strömsuntinoja;;;61.6362701;21.6353227;Finland;4a848420-0c75-42ac-a4ff-5fb77cb686fd;FI83050;;
;Strömsån;;;58.94647525;11.20313248;Sweden;f3cb6f8d-c925-402e-8268-ad0f2929c0ea;SE111000;;
;Stubberup bæk;;;56.7287426;9.9630272;Denmark;;;;
;Stutteribækken;;;;;;3a17c0e5-c4c9-4182-89e9-78860f5c6c81;DK1006;;
;Støvlebæk;;;55.4329388;11.2022973;Denmark;fcb9b453-5b58-450f-bfcc-913c2140fcc9;DK0603a;;https://www.openstreetmap.org/copyright
;Sulvanjoki;;;;;;62745b50-4f5a-42d0-bf34-5f33ca8d0579;FI83125;;
;Summanjoki;Summajoki;;60.7374614;27.1125669;Finland;d2a43b0a-959c-4cc8-ad9a-1bd9cbbeccf7;FI13000;;
;Šunija;Sunija;;55.4234197;22.427645;Lithuania;;;;
;Suomenlahden rannikkoalue;;Coastal area;60.169418;25.171636;Finland;df57baf8-e37d-4719-9538-32f9b36afdf5;FI81000;;
;Suseån;;;56.8576606;12.7532421;Sweden;5b699eeb-560e-40a8-a81a-6ff0855d5660;SE102000;;
;Sustis;;;55.4374918;21.8747351;Lithuania;;;;
;Svartbäck (Åland);;;60.2180418;20.1763995;Finland;460ecd00-27df-44ce-b2ed-fd1717bdcf8c;FI82043A;;
;Svartbäcken;;;59.8695039;17.6320585;Sweden;0b2e5870-e22d-4165-9456-37c62dec8497;FI81022;;
;Svartkärrsbäcken;;;63.2125936;22.0805938;Finland;e5dacd6f-5a1e-4104-8324-b160b19868a8;FI84004;;
;Svejsrende;;;54.794073;12.0981671;Denmark;2cc953eb-f359-4d9d-af0e-56a04224ea35;DK0744a;;
;Svenskbybäcken;;;60.07347;23.1969;Finland;4b9e6511-563b-49b5-ae3f-8a7fb3adc7c0;FI82012;;
;Svenskebæk;;;55.116362;14.9079546;Denmark;;;;
;Sventoji;;;55.6268079;25.3207397;Lithuania;;;;
;Šventoji;;;55.6268079;25.3207397;Lithuania;;;;
;Sventoji (Neris);;;55.7697164;25.7287973;Lithuania;;;;
;Sventoji B;;;56.0304995;21.0790321;Lithuania;;;;
;Šventosios basin;;;56.030135;21.081431;Lithuania;;;;
;Svētupe;Svetupe;;56.725406;26.185918;Latvia;f668d5e9-6323-4ac7-b909-7c481804728b;LV53811;;
;Svärtaån;;;58.817705;17.0924859;Sweden;ae77b65e-6bbe-49ce-9305-8a9c8c536b41;SE64000;;
;sw_01_a;;?;;;Germany;;;;
;sw_02;;?;;;Germany;;;;
;sw_05;;?;;;Germany;;;;
;sw_13_b;;?;;;Germany;;;;
;sw_21;;?;;;Germany;;;;
;sw_28;;?;;;Germany;;;;
;sw_35_b;;?;;;Germany;;;;
;sw_38;;?;;;Germany;;;;
;Swinow;;;53.9259761;13.4105827;Germany;;;;
;Süderbeste;;;53.7485564;10.3398095;Germany;;;;
;Sydlige vandl i Alslev Skov;;;;;;d12290c7-ac5f-43d5-b7ef-dfcfc523c290;DK0727a;;
;Šyša;"Sysa; Šyšos basin";;55.325977;21.3859879;Lithuania;;;;
;Sägebach;;;;;Germany;;;;
;Sälgträskbäcken;;;;;Sweden;;;;
;Sävarån;;;63.8069508;20.5654689;Sweden;6e1a4e55-51f1-4073-a7b9-54e0a1f689f5;SE26000;;
;Søborgkanalen;;;;;;4af1a547-8194-4664-bfdd-07580732f77c;DK0724;;
;Söderköpingsån;;;;;;d96d3988-1d93-4b7e-ac37-0c2258bec024;SE68000;;
;Sømose Bæk;;;55.0230757;12.4264203;Denmark;f36f1dc5-e293-4666-ae3e-0c80baf7c17d;DK0749;;
;Taaliku pkr;;;58.60446;22.979136;Estonia;;;;
;Taalinlahdenoja;;;61.40211;21.53284;Finland;0d39b2b3-4d88-4ae3-a26c-2bef1c4b00da;FI83031;;
;Taasianjoki;;;60.6111499;26.2894448;Finland;6acf35b3-d128-422e-86f5-6b87b3d8aec4;FI15000;;
;Taipaleenjärvi;;;62.4084358;24.57330852;Finland;363612e0-a5ce-4640-9227-7c020e352dd3;FI82066;;
;Tammispea oja;;;59.5508544;25.8335001;Estonia;;;;
;Tarnewitzer Bach;;;53.9493621;11.2153124;Germany;;;;
;Tarvantojoki;;;68.42716665;22.88666819;Finland;;;;
;Tavelån;;;63.9648096;20.1476502;Sweden;;;;
;Tavleån;;;;;;03eb8753-114b-4e36-811c-50dc687607d3;SE27000;;
;Tążyna;;;;;;;;;
;Tchernaya;;;;;Russia;;;;
;Tebra;;;;;Latvia;a8a02d00-895a-4c74-b436-5a4623284b16;LV354411;;
;Teetzlebener Mühlenbach;;;53.650541;13.230403;Germany;;;;
;Tegelbek/Twisselbek;;;53.887638;10.343276;Germany;;;;
;Tehumardi pkr;;;58.187249;22.241235;Estonia;;;;
;Teinijärvenoja;;;61.9520227;21.4379235;Finland;6837fc13-2db3-42c5-9fca-670ca5011bc5;FI83071;;
;Temmesjoki;;;64.8012667;25.5066442;Finland;f7c2e6d2-fd5f-4997-a1df-78e175f90a2a;FI58000;;
;Tenenys;;;55.4526979;21.9079994;Lithuania;;;;
;Tenojoki;;;;;;2cdb8a14-fab7-41f9-a9d7-6a76f4ea8985;FI68000;;
;Tensfelder Au;;Au Ol;54.0745806;10.3621782;Germany;;;;
;Tensfelder Au OL/Schlamersdorfer Moorgraben;;Au Ol;;;Germany;;;;
;Teppnitzbach;;;53.8225507;11.7062088;Germany;;;;
;Terteboån;;;;;;;;;
;Tervajoki;;;63.0008527;22.1709382;Finland;38ba548a-75d4-49b3-8d6a-242b57966c9e;FI07000;;
;Tessenitz;;;53.9994688;11.9193913;Germany;;;;
;Testeboån;;;60.6954319;17.1586086;Sweden;a0acb1e3-8133-4075-910b-ec0ff669cfb7;SE51000;;
;Testorfer Au;;;53.5378697;10.8656068;Germany;;;;
;Teuvanjoki;;;62.4572666;21.6290664;Finland;453fab18-4b4e-460c-9572-22bfeac30271;FI38000;;
;Thorstorf;;;53.9086014;11.2172182;Germany;;;;
;Tikkalanoja;;;65.6751354;24.8679612;Finland;af353f27-0b94-469c-a0d1-c500efbea52b;FI84142;;
;Timmkanal;;;58.1412637;24.6482992;Estonia;;;;
;Tirtsi jõgi;;;58.4339686;22.2910378;Estonia;;;;
;Tiskre;;;59.4391588;24.5701015;Estonia;;;;
;Tjærbæk;;;56.3545469;9.8505273;Denmark;;;;
;Tjæreby rende;;;55.3669511;11.2228239;Denmark;36b48ad5-abf9-48c2-a80f-d191d057d229;DK0615;;
;Toböle träsk (Åland);;;60.3385289;20.01881286;Finland;7923214b-fe18-4dbc-b71d-c0d0c12cbb3e;FI82046A;;
;Tohkoja;;;64.33809;23.97259;Finland;c27e52cb-2527-4144-8b03-855097c4d964;FI84075;;
;Tohrstorfer Bach;;;;;;;;;
;Toikonoja;;;;;;77973b10-4655-4503-adcb-d2c28d1180e2;FI84134;;
;Toivola;;;;;Russia;;;;
;Tolkkijoki;;;67.1905958;21.379034;Sweden;;;;
;Tolkuse oja;;;58.1581776;24.6263956;Estonia;;;;
;Tollense;;;53.6665773;13.2494932;Germany;;;;
;Toolse jõgi;;;59.4591453;26.4680726;Estonia;;;;
;Topjoki;;;60.323281;22.9396696;Finland;5a8244d1-c480-46b0-beaf-e764135ea1cd;FI82032;;
;Tornebæk;;;55.1858511;14.9969818;Denmark;aefb4755-b400-401c-8a25-e1e4c196ad4d;DK0130;;
;Tornionjoki;"Torneälven; Torne; Torniojoki";;67.3056627;22.6071819;Border;7fa9b6d7-9946-4df4-b62e-03210df96457;FI67000;df678202-79e7-4718-8820-80d71d4b814f;
;Torsbäcken;;;56.8011946;16.3222097;Sweden;;;;
;Tõrvajõgi;;;59.3826637;28.0605944;Estonia;;;;
;Tõrvanõmme oja;;;58.2982514;24.0518782;Estonia;;;;
;Tõstamaa jõgi;;;58.3363667;23.996777;Estonia;;;;
;Tostarpsbäcken;;;;;Sweden;;;;
;Tradebæk (Sejerø);;;55.880597;11.134621;Denmark;ff4f0c3b-5cd8-47eb-998f-25394c39a5f9;DK0420;;
;Tranemose Grøft;;;55.7014673;11.1226443;Denmark;96d34777-b987-4615-9d31-5a4112bf55ed;DK0413;;
;Trave;Trave I;;53.8463887;10.6588451;Germany;;;;
;Trebel;;;54.0929519;12.8625462;Germany;;;;
;Treimanni oja;;;;;Estonia;;;;
;Treppoja;;;59.3466766;24.3047456;Estonia;;;;
;Trolssinoja;;;;;;1e9042fa-a93e-4dfb-b952-8b4241e58d10;FI83069;;
;Trosaån;;;58.9000932;17.5467279;Sweden;73020aa5-9449-4914-a631-b07ddcfaafc5;SE63000;;
;Trunnerupsbäcken;;;;;Sweden;;;;
;Trutviksträsk (Åland);;;;;;6f39aa53-b2b2-4494-8b6e-80a27f645255;FI82035A;;
;Tryssjöbäcken;;;;;Sweden;;;;
;Träskinoja;;;61.4946612;21.5894701;Finland;eed02af5-e908-4b5c-ab79-24111c7cc0d5;FI83037;;
;Tuhala jõe suudmest haruoja;;;59.193069;24.96915;Estonia;;;;
;Tuhala jõgi;;;59.1640451;24.97654;Estonia;;;;
;Turveoja;;;64.86667;24.78333;Finland;db23edd5-0fe8-4f99-82b8-f28ff5f4ccb6;FI84098;;
;Tuulomajoki;;;68.7557519;32.3586908;Russia;acaf79c1-3b92-419a-ba73-fc53d428209e;FI72000;;
;Tuuraste oja;;;58.3761313;24.2358284;Estonia;;;;
;Tvarkante;;;55.4697185;23.217448;Lithuania;;;;
;Tvärån;;;63.8292872;20.2220265;Sweden;;;;
;Twisselbek;;;53.8872194;10.3444014;Germany;;;;
;Tyresån;;;;;;a81f8ca1-0486-4b12-bfb0-04de057837b3;SE62000;;
;Türisalu;;;59.40221985;24.32566792;Estonia;;;;
;Tämnarån;;;60.3316431;17.5219336;Sweden;ec124f63-536a-4a08-a254-119358cf9bc1;SE54000;;
;Töjby å;;;62.6570964;21.2051584;Finland;efbc84d2-9d1c-43ad-87df-2b59e7e59e62;FI83100;;
;Töreälven;;;66.0565931;22.5489503;Sweden;2609742a-0b9c-4453-8a97-9c80e78f1626;SE5000;;
;Tørvemølle Rende;;;;;;82eb6e9a-321f-40f9-9154-9e7e5c86f633;DK0617;;
;Udløb til Savnsø Vig;;;;;;59073518-af37-468b-914a-8f9c38d93cdc;DK0836;;
;Udløb ved Billitse;;;;;;6ce75b85-bcdb-4ba0-b9a6-fbcad8299052;DK0843;;
;Udløb ved Langø;;;;;;b3fa9fae-b54a-40b3-bf82-8213c35a6a27;DK0837;;
;Udløb ved Strognæs;;;;;;0df0a038-caeb-4ae7-b78c-51662c88f9c6;DK0845;;
;Udløb ved Syltholm;;;;;;17f45c0b-c5ec-41ce-9c0d-88c4cc2f1607;DK0842a;;
;Udria oja;;;59.3702073;27.9117037;Estonia;;;;
;Udriku oja;;;59.314624;26.085083;Estonia;;;;
;Uecker;;;53.4349572;13.9097861;Germany;;;;
;Ukhora;;;59.34784;29.28545;Russia;;;;
;Uksjoki;;;61.7479945;21.5638407;Finland;2af12de0-249d-421f-a09e-acd06a26c698;FI83059;;
;Ula;;;65.0118734;25.4716809;Finland;;;;
;Ulvshale Bæk;;;;;;cdd4ba2e-ec37-443f-9684-c3ff4d4775e7;DK0750;;
;Ume/Vindel;;;;;;;;;
;Umeälven;;;65.0366219;17.3992066;Sweden;7658aafb-4eb6-4997-9574-90c99bbe6643;SE28000;;
;Unajanjoki;;;61.0771498;21.5049003;Finland;0896963e-c77c-4208-a880-b1bb0f3b0f0c;FI83014;;
;Uniesta;;;54.2228529;16.2837262;Poland;;;;
;Upyna;;;55.9346661;22.6450985;Lithuania;;;;
;Ura jõgi;;;58.1680912;24.7165377;Estonia;;;;
;Urpalanjoki;;;60.7671393;27.8292619;Finland;6b9a34f1-99f4-45a3-b52f-5c8030ab0449;FI09000;;
;Uruste oja;;;58.4213242;24.2225236;Estonia;;;;
;Uschkovsky;Ushkovskii;;;;Russia;;;;
;Uskelanjoki;;;60.4422702;23.2543854;Finland;b74595c8-8260-4f89-9d46-05cf78eba553;FI25000;;
;utr_09;;?;;;Germany;;;;
;utr_10;;?;;;Germany;;;;
;utr_15;;?;;;Germany;;;;
;utr_16;;?;;;Germany;;;;
;Uuemõisa oja;;;58.9450636;23.5687919;Estonia;;;;
;Uutuanjoki;;;69.5430673;29.1793587;Finland;c491b2a0-1b37-4dd3-ad8c-8f0322ce32ce;FI70000;;
;Užava;Uzava;;57.2387416;21.44839819;Latvia;07f71bdb-99bc-4a17-9d60-406ad5826c44;LV35811;;
;Vaalimaanjoki;;;60.6182989;27.7651088;Finland;f3f69378-502d-48d9-8821-8ebec80e4595;FI10000;;
;Vaarjoki;;;60.5014237;22.0196872;Finland;58c0b7bd-ff8d-4201-81ce-26c46de693d0;FI82051;;
;Vadbro;;;55.7474086;12.500366;Denmark;ae5e7150-21ad-477f-a526-abe702172256;DK1317a;;
;Vaidava;;;57.488416;26.8530453;Latvia;;;;
;Vaidava jõgi;;;57.5664083;27.1018844;Estonia;;;;
;Vainupea jõgi;;;59.5307322;26.2664315;Estonia;;;;
;Vaive;;;57.2565898;25.3686681;Latvia;5f1ac949-fc6d-4c67-a730-4559def3b666;LV523821;;
;Valdimurru oja;;;58.2989124;24.8215431;Estonia;;;;
;Valgejogi;;;59.3442085;25.8432253;Estonia;;;;
;Valgejõgi;;;59.3442085;25.8432253;Estonia;1fca32ef-ef51-499e-88dd-725153421408;EEVEE1079200;;
;Valkla oja;;;59.4637363;25.3485484;Estonia;;;;
;Vallerinnanoja;;;60.3009157;22.6209273;Finland;2f0b5cc9-4cd2-4216-ae84-8c78e52c30dd;FI82037;;
;Valpperinjoki;;;60.633049;22.1631575;Finland;;;;
;Valtiojoki;;;67.1543525;21.5424364;Sweden;;;;
;Vanajõgi;Vanajogi;;57.8536524;26.9883058;Estonia;;;;
;Vanakubja oja;;;58.4786756;22.1777581;Estonia;;;;
;Vandl fra Alstrup;;;;;;5806f9c2-2482-47d7-abc2-938ec1f01b30;DK0733;;
;Vandl fra Gardersø;;;;;;c9d3351a-3772-41f6-b7ea-d7be8ee9638c;DK1009;;
;Vandl fra Gottesgabe;;;;;;b068d0f3-0a58-43d1-bb09-f764c1695ee5;DK0838;;
;Vandl fra Hartsø;;;;;;d891d71b-d50f-4141-aaf0-c4911efbbc1b;DK1124;;
;Vandl fra Sandby;;;;;;1188097d-f642-4354-bd5c-acd4e2b1fc31;DK0829;;
;Vandl fra Stokkeby;;;;;;8c1f2e37-d725-4cfd-bc98-6a6715913cb2;DK0945;;
;Vandl fra Torup Stran;;;;;;0b270b42-48d7-4fed-961d-d548335f0119;DK0918;;
;Vandl fra Ugelbølle;;;;;;e0b7b3e2-52f5-4434-b954-81e2ac142777;DK1401b;;
;Vandl g Fjordmarken;;;55.026749;9.41649;Denmark;1a5f2eb4-4a2e-4a15-8076-0d2a5fd84cb0;DK0907;;
;Vandl g Sønderskov;;;55.15402;11.846386;Denmark;150c8f68-489e-40d1-a8b2-0401ade313dd;DK1224;;
;Vandl g Torskov;;;;;;d9f50893-4093-4225-9043-9bfe27ce3081;DK1319;;
;Vandl gennem Engmose;;;;;;24b6364f-a3cb-49f2-8685-0688a276bc29;DK0713;;
;Vandl gennem Hestekobbel;;;;;;9e930ccd-9e02-4eba-8873-4af5d59f63de;DK0715;;
;Vandl gennem Kastager Nor;;;;;;641dfc54-19d8-49df-874b-aa4038f38cb4;DK0820a;;
;Vandl gennem Keldskov;;;;;;9a473aa9-1d9b-483c-a177-72283b75b371;DK0846;;
;Vandl gennem Klodskov Nor;;;;;;8d8f19b4-c4fc-4e0d-b3e3-f758e118b394;DK0736;;
;Vandl gennem Købelevhede;;;;;;dcef3809-abf3-4b70-9745-f2e31420b190;DK0825;;
;Vandl gennem Majbølle Nor;;;;;;0882844a-9cc2-4356-92ad-649dafb66197;DK0711;;
;Vandl gennem Maltrup Vænge;;;;;;5fd29cf4-18ae-49ae-aa7d-0b9a778950c7;DK0807;;
;Vandl gennem Nybølle Hede;;;;;;3bcbe7d9-10e2-42b9-848c-d1f7985572bd;DK0820;;
;Vandl gennem Rommes Nakke;;;;;;63f5ff91-88d9-43db-94f6-093c0f24f6a9;DK0804;;
;Vandl i Grund Skov;;;;;;f9aeb5a5-36e8-4143-a635-db1fc0cbca6f;DK1220a;;
;Vandl i Hamborg Skov;;;;;;72fac9bd-71ad-4155-ac88-7e062997cbcf;DK0712a;;
;Vandl i Havrekobbel;;;;;;6a3dfa4c-637b-435d-9de9-e4ce236c4767;DK1114a;;
;Vandl i Hønsnap Skov;;;;;;8c1698c8-e951-4367-8c5c-d1af59cf2559;DK1129a;;
;Vandl i Magleby Skov;;;;;;6e877ead-9395-4b1b-9d03-e85dc8ea28dd;DK0512;;
;Vandl i Præsteskov;;;;;;b87daaf1-f6ea-48fa-8256-36c73dc9aef4;DK0922;;
;Vandl i Sjellerup Sko;;;;;;296a4e1f-bd72-42bf-8100-cc5c1373e606;DK1112a;;
;Vandl i Staxrode;;;;;;872fda87-48d3-4f9a-b814-bb1eb8209b5b;DK1222a;;
;Vandl i Stubberup Have;;;;;;be66738f-0337-4607-82b0-f1f47e16cecf;DK0748a;;
;Vandl n f Blåhøj;;;;;;ffe13ffd-53fd-4beb-a082-021cf0d33fa1;DK1145;;
;Vandl n f Mortenskær;;;;;;e4370297-a53e-4be3-ae09-eb29334c8a91;DK1404;;
;Vandl n for Saltvig;;;;;;0710c895-b7cf-4045-b9d8-3eb3e36b944d;DK0814;;
;Vandl nv for Tranerodde Grund;;;;;;1a928a4b-1edc-4397-9d42-55f907e0ad95;DK1110;;
;Vandl nø for Vigsnæs;;;;;;f23788a4-69d9-4192-931e-d073a5a0cfbd;DK0801;;
;Vandl på Helnæs;;;;;;474580ab-71f3-48be-993d-39ff4b5980ed;DK1017;;
;Vandl s f Mølleskov;;;;;;4ed1d3fa-4515-49d0-8090-9e21a900d42c;DK0917;;
;Vandl s f Varna;;;;;;affadd60-56d1-4860-b6e1-832ff9158a3b;DK1319a;;
;Vandl s f Ørnereden;;;;;;33fd1ca8-bcba-4ed8-a1dc-39cac57c288a;DK1318;;
;Vandl s for Klodskov;;;;;;63adb10c-0d06-4b8f-a3e4-80eabaa21b98;DK0737;;
;Vandl s for Valnæsgård;;;;;;362561b9-4ae6-490f-a610-a504419de78c;DK0732;;
;Vandl s for Vigsnæs;;;;;;982cdf44-621c-4bd4-810a-bd9ad2829a10;DK0802;;
;Vandl sø for Tårs;;;;;;7ca3f38f-010c-4323-af5b-36d81a161be8;DK0828;;
;Vandl til Kalløgrå;;;;;;fe030d18-ece0-46cc-af12-5de8cc67a1d1;DK0803;;
;Vandl til Keldernæs Hage;;;;;;5688c502-325e-4bd0-b907-f8a08efa86ab;DK0813;;
;Vandl til Onsevig;;;;;;5a967ad9-0538-49a1-8574-64ddcbc4221a;DK0824;;
;Vandl til Sjalevejle;;;;;;e0ded4b5-ead6-4894-b098-a4b163a1ce29;DK0821;;
;Vandl til Ålholm;;;;;;f08d2359-2d35-4707-bb90-fa24e5f90b5e;DK0722;;
;Vandl v Gersdorffslund;;;;;;5831dbdc-b4a4-4b84-a010-f051fe6cd621;DK1314a;;
;Vandl v Kobbelskov;;;;;;e42f0d9c-d702-4ff6-85f1-b2d7040c9673;DK1138;;
;Vandl v Romsø;;;55.509692;10.792931;Denmark;324ab406-dc3b-498f-bf97-182521d50994;DK0906;;
;Vandl v Skovmølle;;;55.18546;11.812726;Denmark;d5edf533-8e6a-4e09-ae95-a09a7b62b892;DK0933;;
;Vandl v Spøttrup;;;55.93109;10.2379;Denmark;7053f042-3d1a-4373-86a3-9de1895264eb;DK1314b;;
;Vandl ved Frederiksdal;;;;;;a6b4aef8-8f37-4c42-8366-39afb5cdf5a8;DK0826;;
;Vandl ved Strandhuse;;;;;;6e9c374c-c4c1-4c95-9475-0e7e574ad510;DK0944;;
;Vandl ø for Guldborg;;;;;;040e7962-cf44-4946-8ed2-54cbb97c1282;DK0734;;
;Vandl. I Hildesvig Skov;;;;;;76e21aee-91c8-4fd3-b351-58876d55002e;DK0709;;
;Vandløb i Fakkegrav;;;;;;44fb1201-1033-42fa-8a73-d8a2f0a06cb7;DK1221;;
;Vandløb i Ringelmose;;;;;;9332938c-adf6-4f14-b318-10a28ef757d4;DK1402a;;
;Vandløb ved Vrinners;;;;;;c29de548-051d-430a-942a-b3008b179503;DK1404a;;
;Vanka;;;57.012431;21.7171617;Latvia;78e2ffa3-697d-4546-a8c7-68ccfae98e7e;LV35841;;
;Vantaanjoki;;;60.4782401;24.8708265;Finland;faeffbaa-2268-419b-a8ab-4ae4e7e3c25c;FI21000;;
;Vargsundraån (Åland);;;;;;c7bd7e50-1c92-462c-8271-7562349e10ce;FI82037A;;
;Varja oja;;;59.3862512;27.0804083;Estonia;;;;
;Varjisån;;;65.9006072;20.3145593;Sweden;;;;
;Vārtāja;;;56.5124167;21.5219574;Latvia;82d7bc61-6a8c-4213-a305-213b55fd9e01;LV342861;;
;Vasalemma jõgi;Vasalemma;;59.2276047;24.3372858;Estonia;1158aac8-99f0-46e7-9ce1-932b60a569d0;EEVEE1099200;;
;Vasanoja;;;64.35845;23.98685;Finland;ea3345c1-ade3-4882-b34b-219b324aceb4;FI84077;;
;Vasebæk;;;55.3386279;11.8505159;Denmark;4c875927-fabb-408e-aab8-2055c8d85822;DK0134;b804f016-7ed6-4e09-ad7f-631492cabd4e;
;Vaskjõgi;;;58.3388132;24.691702;Estonia;;;;
;Vecpalsa;;;57.4050367;26.1913641;Latvia;0e382a30-5e31-4b54-b3e3-f98378a0cc3d;LV52721;;
;Vedruka oja;;;58.3297475;22.0932657;Estonia;;;;
;Vefsna;;;;;;cec36eeb-8c9b-428f-a40a-2850bc4ecfa8;SE115000;;
;Vege å;;;56.156663;12.8349573;Sweden;875a7a68-a0a7-4001-8398-b855aa2c4557;SE95000;;
;Vehkajoki;;;61.5051378;24.9217809;Finland;e6783e06-f7b5-4274-95b8-30a27430bff0;FI12000;;
;Veivirza;;;;;;;;;
;Vejstrup Å;;;55.0945768;10.7248582;Denmark;;;;
;Vejupite;;;57.1481583;24.92155596;Latvia;;;;
;Vējupīte;;;57.1481583;24.92155596;Latvia;f72c8b25-bf16-4bd1-9403-a1caa62327a1;LV52192;;
;Velikaja;Velikaya;;56.942534;28.7723291;Russia;;;;
;Velluanjoki;;;60.7526225;21.497404;Finland;5efdaafe-1e0c-4415-87da-aab739482ac1;FI82068;;
;Venta;Venta basin;;56.18981;22.68876;In_two_countries;2c4367a7-f858-4054-99a3-b6569a1d26cf;LV3611;;
;Verkaån;;;59.5558141;17.897336;Sweden;;;;
;Verseka;;;54.2390474;24.8582625;Lithuania;;;;
;Vesiku oja;;;58.290057;22.065875;Estonia;;;;
;Veski jõgi;Veskijogi;;58.111897;26.780544;Estonia;;;;
;Veskioja;;;58.8021741;24.8027638;Estonia;;;;
;Vesterbæk;;;57.1226543;9.9997473;Denmark;c3501f5e-4b03-4da2-8e7d-a243753535c8;DK0206;;
;Vēždūka;;;57.2556608;21.7953097;Latvia;9d82aafa-536b-40de-bad3-62d51a771970;LV36161;;
;Veån;;;;;Sweden;;;;
;Viantienjoki;;;65.7334836;24.9365396;Finland;9211d5ca-c508-4802-b0da-3676449631ee;FI84140;;
;Vibæk;;;56.434971;9.4682676;Denmark;868ca8cf-be91-4ffd-b54d-682d4bf868cb;DK1409;;
;Vibeholmrenden;;;;;;5aea6dbf-5315-4ec2-a8d8-f6c8cd5df4a5;DK0611;;
;Vidon;Vidon';;;;Russia;;;;
;Vierydsån;;;56.2810119;15.1801651;Sweden;e7b349c6-f54b-4ace-8d01-b0f2dbdbd985;SE83000;;
;Viesvile;;;55.0728499;22.3842141;Lithuania;;;;
;Viešviles basin;;;55.193207;22.385787;Lithuania;;;;
;Vihtarinoja;;;;;;200de2a6-6c35-40ba-834c-c8574f6ac7f1;FI84138;;
;Vihterpalu jõgi;;;59.137141;23.9203513;Estonia;;;;
;Viirreoja;;;64.440794;24.1913806;Finland;7a267e1d-51bb-43f8-aad7-ba4bdeca9e4e;FI84081;;
;Viirretjoki;;;64.04795;23.5799;Finland;ca02f6bc-9097-47d5-b15a-d1fc186c7534;FI84063;;
;Vija;;Vecpalsa;;;;;;;
;Vija, Vecpalsa;;Vecpalsa; Vecpalsa;57.528718;;;;;
;Vikbäcken;;;62.8748576;14.5214795;Sweden;fddebf90-5a81-4a17-921f-84777e2567c6;FI83083;;
;Vikströmsbäcken;;;;;;6076fd64-193b-4296-86a4-cba255506d66;FI84045;;
;Vilajoki;;;60.6391454;28.2583969;Russia;e369c9f4-ee37-417e-86fb-98c274e92b43;FI08000;;
;Vildoga;;;57.2014457;24.9847877;Latvia;bbd33b32-43c3-405c-b0ff-62401a58d9e2;LV523121;;
;Vilija;;;54.7823334;25.9122473;Belarus;;;;
;Villestrup å;;;56.7504405;9.958342;Denmark;;;;
;Vilnia;;;54.7099719;25.5272525;Lithuania;;;;
;Vindelälven;;;65.2761453;17.8464863;Sweden;;;;
;Vindån;;;58.0895896;16.4896884;Sweden;a30003c0-4510-4182-9ca4-55f0e9d97647;SE69000;;
;Virbupe;;;57.0888624;22.5641218;Latvia;;;;
;Virinta;;;55.3575889;25.2187514;Lithuania;;;;
;Virojoki;;;60.583337;27.7109299;Finland;6875dc55-81ea-44fc-9cce-72064d626229;FI11000;;
;Virån;;;;;Sweden;fed833ab-5218-4bb3-bb73-2adc54a16bac;SE73000;;
;Visete;;;;;;;;;
;Viskan;;;62.4489824;16.4359832;Sweden;cafcf1a6-df49-4ca7-be2c-9f47b1defeee;SE105000;;
;Vistula;;;;;;;;;
;Vitbäcken;;;66.1199377;20.0255102;Sweden;;;;
;Vitrupe;;;57.63701645;24.38033319;Latvia;67a9fe30-971a-433e-9cf8-78bd51c31033;LV5361;;
;Vitsån;;;59.1011517;18.1159472;Sweden;;;;
;Vittangiälven;;;67.8933;21.12354354;Sweden;;;;
;Vitträsk;;;60.1837455;24.49171697;Finland;0a056202-ee45-4bee-9a17-7c6871bab834;FI81059;;
;Vitån;;;;;;73586a05-42ab-4312-baff-d13bf049c847;SE6000;;
;Vizla;;;57.3753528;26.2397106;Latvia;716f7117-b7b6-4aaf-b310-9823195b11a1;LV52741;;
;Vizla, Palsa, Vija;;Vizla?;;;;;;;
;Vl fra Blommeskobbel;;;;;;9b4e9ca9-aee7-4367-83c5-7b2f4bd81341;DK1118;;
;Vl g Nylandsmose;;;;;;aaebe6ad-b719-4a8c-ab58-d39615dc72d6;DK0626;;
;Vl gen Halskov Overdr;;;;;;809796b1-861b-443b-ad9e-09903795e8f2;DK0606;;
;Vl gennem Bisserup;;;55.20756;11.49506;Denmark;6e454115-3ae0-4367-b6a5-402ef1d6b527;DK0618;;
;vl n o Stignæs skov;;;;;;a429279e-b6fb-4b07-af7b-8012b02d59a0;DK0612;;
;Vl v Karrebækstorp Skov;;;;;;de418916-46b9-43e2-9d6e-919f2a706efd;DK0620;;
;VL v Nakskov havn;;;54.83372;11.120568;Denmark;0af817d4-1e00-4f57-99d2-ccc426e9daac;DK0835;;
;Vl ved Hellebæk;;;54.9185;8.73042;Denmark;dc5886f3-d881-469d-b577-3192b02413a4;DK0208;;
;Vodja jõgi;;;58.9560087;25.663189;Estonia;;;;
;Voka oja;;;59.383068;27.585765;Estonia;;;;
;Vokė;Voke;;54.602471;25.1559533;Lithuania;;;;
;Võlupe jõgi;;;58.549662;22.8275117;Estonia;;;;
;Vorfluter Kronstrang;;;54.426403;9.899274;Germany;;;;
;Voronka;;;;;Russia;;;;
;Võsu jõgi;;;59.5381778;25.9629187;Estonia;;;;
;Vrangbæk;;;57.4001567;10.4764536;Denmark;6755cffc-4283-4471-be09-eea68a54bdd0;DK1117;;
;Vruda;;;59.4211271;29.2819241;Russia;;;;
;Vuoksi;;;61.1672767;28.7694305;Finland;77d34190-4762-40fb-a161-2c499b02db2e;FI04000;;
;Vuornosoja;;;;;;4c2bcb3a-f028-471f-95fa-2db0d494f304;FI84126;;
;Vålse Kanal;;;54.9278655;11.7771799;Denmark;b74fb979-f4ae-4add-8352-47e2f1af1ab1;DK0730;;
;Vårbæk;;;55.2209369;14.9097775;Denmark;f95fc4dc-fbe2-463b-9450-cd9faa2e71ee;DK0135;;
;Vähä-Ruonaoja;;;67.511193;24.322757;Finland;a8f99107-3090-4391-8a31-3534b5b3bee4;FI84153;;
;Västanbäcken;;;60.4892972;14.9494272;Sweden;;;;
;Västanträsk (Åland);;;60.3341014;19.925322;Finland;823530be-1c0c-472f-986e-ba1a909a14a1;FI82039A;;
;Västerbäck;;;64.0439206;19.6383729;Sweden;0f1963e4-29db-4e32-aca5-7d5d9ce9bd32;FI83089;;
;Västra Kyrksund (Åland);;;;;;31015a2c-b37b-4a13-bd6f-fd20068d625c;FI82044A;;
;Vääna;;;59.3909052;24.4159265;Estonia;88df506d-ded4-4b73-aaa1-ca5553216322;EEVEE1094500;;
;Vääna jõgi;;;59.3409454;24.5805643;Estonia;;;;
;Vääräoja;;;61.0584178;21.660077;Finland;e923966a-cb1f-4463-8905-107f61b64616;FI84108;;
;Vöyrinjoki;;;63.1927883;22.2601689;Finland;d371b94f-dd70-43a9-8dac-e42566b403af;FI84009;;
;Waidbach;;;54.0000228;12.0098222;Germany;;;;
;Wallbach;;;;;;;;;
;Wallensteingraben;;;53.8346994;11.4705116;Germany;;;;
;Warbel;;;53.950643;12.602516;Germany;;;;
;Warnow;;;53.7852296;11.8820169;Germany;;;;
;Warta;;;;;;;;;
;Wehrau, Mühlenau, Reidsbek;;;;;;;;;
;Wellspanger Au;;;54.586223;9.6069828;Germany;;;;
;Westpeene;WestPeene;;53.653796;12.516837;Germany;;;;
;WestPeene (hinter Malchiner See);;;;;Germany;;;;
;Wieprza;;;54.118354;17.0822744;Poland;;;;
;Wietingsbach;;;53.7108901;11.8317028;Germany;;;;
;Wittbeck;;;;;;;;;
;Wolfsbach;;;;;Germany;;;;
;Üecker;;;53.4349572;13.9097861;Germany;;;;
;Ylinen Kihlankijoki;;;67.55;23.45;Sweden;;;;
;Yppärinjoki;;;64.3888926;24.1175008;Finland;d9e05d1e-7c38-4e01-97cd-0454b218573e;FI84079;;
;Yukkola east;;east mid west;;;Russia;;;;
;Yukkola middle;;east mid west;;;Russia;;;;
;Yukkola west;;east mid west;;;Russia;;;;
;Zachodniaja Dvina;;;55.5357049;28.6734237;Belarus;;;;
;Zagórska Struga;;;54.5646639;18.3925281;Poland;;;;
;Zaķupe;;;;;Latvia;82030f36-5455-4921-b1e6-d87b5debd923;LV5356;;
;Žalėsa;"Zalesa; Žalesa";;54.8439808;25.3506143;Lithuania;;;;
;Zapadnaja Dvina;;;56.2588287;32.0707122;Russia;;;;
;Zarnow;;;;;Germany;;;;
;Zarow;;Spelling?;;;Germany;;;;
;Žeimena;Zeimena;;55.0677251;25.8743584;Lithuania;;;;
;Žeimenos basin;;Zeimena?;54.932996;23.674189;Lithuania;;;;
;Zelenogorsky;;;;;Russia;;;;
;Ziddorfer Mühlenbach;;;53.6554299;12.4760396;Germany;;;;
;Zielona Struga;;;54.4617185;16.8011844;Poland;;;;
;Zierower Bach;;;53.901737;11.404039;Germany;;;;
;Ziese;;;54.0832246;13.5350181;Germany;;;;
;Žiežmara;Ziezmara;;54.8563105;24.7141944;Lithuania;;;;
;Zvelsa;;;55.7536325;21.6953283;Lithuania;;;;
;Zyba;;;;;;;;;
;Åbyälven;Åby älv;;65.3922873;20.4939061;Sweden;c9802e4d-861a-4ddf-af22-f3fcb99043bb;SE17000;;
;Ågeby Å;;;54.7583993;11.291357;Denmark;a57a434f-6e8e-431c-97d5-e3ade0b27c85;DK0841;;
;Åkersström;;;59.5056404;18.2728921;Sweden;310b8fdb-18c2-4ebe-b1a8-0c5ebad1420d;SE60000;;
;Ålekisterende;;;55.5100798;10.6524912;Denmark;37e68c29-1a11-4f2a-94a4-4bffc2e4a136;DK0916;;
;Ålerenden;;;56.026161;9.3506061;Denmark;6a9a12b4-ce9e-4272-be59-dadd07a79d90;DK0953;;
;Ålsån;;;66.3718209;22.9326219;Sweden;;;;
;Ångermanälven;;;64.7160224;16.2893266;Sweden;d1ff5789-0751-4fcf-8fff-524f3ec5af9c;SE38000;;
;Åvaån;;;59.1685431;18.3431099;Sweden;;;;
;Ähtävänjoki;;;63.56065;23.1530361;Finland;dc5da4ad-4eb8-44c6-a1d7-a26fab309822;FI47000;;
;Äkäsjoki;;;67.5524512;24.000732;Finland;;;;
;Älandsån;;;;;Sweden;;;;
;Ängesån;;;66.7599959;22.2741621;Sweden;;;;
;Äppelträskdiket;;;;;;045c8d6e-2345-4e7f-b8b9-d4314c9e6cb4;FI83108;;
;Ätran;;;57.5643104;13.1245905;Sweden;418c7602-88c7-4a93-a302-18564453687e;SE103000;;
;Ørbæk Rende;;;55.4444881;11.5409877;Denmark;fef32531-1f1f-4e80-98df-0217a9f840aa;DK0610;;
;Örekilsälven;;;58.7378328;11.801666;Sweden;1af9d114-138d-43d8-8009-be983d43c761;SE110000;;
;Öreälven;Öreälv;;61.2007011;14.8662881;Sweden;9699bbef-f937-42ed-a3c6-f382fc027996;SE30000;;
;Örupsån;;;55.5;13.91667;Sweden;;;;
;Østersøkanalen;;;;;;a5283822-52c1-4ab2-a5dc-92b0453b0bbe;DK0849;;
;Østerå;;;56.9998325;9.892546;Denmark;012c6b11-66d9-4122-b64c-e54c64cf476f;DK0810;;
;Østlig vandl til Torrig Vig;;;;;;7ce755e6-2986-4aba-997b-19bb48513844;DK0817;;
